invoice_date,type,order_id,sku,asin,quantity,taxable_value,gst_rate,state_code,channel,gstin,month
2025-06-04 13:25:48,,408-2877618-7539541,LLQ-LAV-3L-FBA,B0CZXQMSR5,1,449.0,0.18,ANDHRA PRADESH,amazon,06ABGCS4796R1ZA,2025-08
2025-06-26 14:38:19,,406-7575378-4478758,FABCON-5L-FBA,B09MZ2LBXB,1,1059.0,0.18,KARNATAKA,amazon,06ABGCS4796R1ZA,2025-08
2025-06-06 13:38:13,,402-0648612-0706732,90-X8YV-Q3DM,B0CZXQMSR5,1,449.0,0.0,DELHI,amazon,06ABGCS4796R1ZA,2025-08
2025-06-06 14:45:36,,403-9446252-3480364,DW-5L,B09P7P7P32,1,999.0,0.18,JAMMU & KASHMIR,amazon,06ABGCS4796R1ZA,2025-08
2025-06-06 13:23:53,,406-1723217-0871527,SD-620A-K20G,B0CZX5LX3X,2,1282.0,0.18,TELANGANA,amazon,06ABGCS4796R1ZA,2025-08
2025-06-06 21:58:35,,406-1400470-0957151,FABCON-5L,B09MZ2LBXB,4,4236.0,0.0,DELHI,amazon,06ABGCS4796R1ZA,2025-08
2025-06-06 23:46:16,,406-6622739-1582763,KOPAROFABCON,B093HFKP28,1,212.0,0.18,MAHARASHTRA,amazon,06ABGCS4796R1ZA,2025-08
2025-06-06 20:09:26,,402-4296222-6608310,TOILETCLEANER,B0D4NGD87J,1,215.0,0.18,PUNJAB,amazon,06ABGCS4796R1ZA,2025-08
2025-06-07 08:02:00,,406-2513960-3447528,FABCON-5L,B09MZ2LBXB,1,1059.0,0.18,MAHARASHTRA,amazon,06ABGCS4796R1ZA,2025-08
2025-06-06 18:17:02,,404-9050773-3549107,TOILETCLEANER,B0D4NGD87J,1,215.0,0.18,HARYANA,amazon,06ABGCS4796R1ZA,2025-08
2025-06-06 19:16:20,,407-6247108-3632365,FABCON-5L,B09MZ2LBXB,1,1059.0,0.18,GUJARAT,amazon,06ABGCS4796R1ZA,2025-08
2025-06-07 10:03:22,,407-0747577-8448360,KOPAROFABCON,B093HFKP28,1,212.0,0.18,MAHARASHTRA,amazon,06ABGCS4796R1ZA,2025-08
2025-06-06 20:09:12,,402-4620276-3293900,MAGICERASER-4,B0C37LG1LH,2,690.0,0.18,MAHARASHTRA,amazon,06ABGCS4796R1ZA,2025-08
2025-06-06 17:58:41,,406-0679420-7813935,FABCON-5L,B09MZ2LBXB,1,1059.0,0.18,TAMIL NADU,amazon,06ABGCS4796R1ZA,2025-08
2025-06-06 18:43:45,,404-2664357-1282757,FABCON-5L,B09MZ2LBXB,1,1059.0,0.18,MAHARASHTRA,amazon,06ABGCS4796R1ZA,2025-08
2025-06-07 08:51:48,,405-7446796-9388322,AF-LN-R,B09R17Q2H7,1,399.0,0.18,MAHARASHTRA,amazon,06ABGCS4796R1ZA,2025-08
2025-06-06 21:50:12,,407-3956129-4537930,DG-KW-1.8L,B0BSQQRQ5M,1,507.0,0.18,KERALA,amazon,06ABGCS4796R1ZA,2025-08
2025-06-07 09:46:53,,171-1863010-9537935,KOPAROFABCON,B093HFKP28,1,212.0,0.18,KARNATAKA,amazon,06ABGCS4796R1ZA,2025-08
2025-06-07 02:10:49,,405-1535080-4091551,KOPAROFABCON,B093HFKP28,1,212.0,0.18,HARYANA,amazon,06ABGCS4796R1ZA,2025-08
2025-06-07 02:10:49,,405-1535080-4091551,FABCONLV,B09YTX7373,1,212.0,0.18,HARYANA,amazon,06ABGCS4796R1ZA,2025-08
2025-06-06 17:18:20,,405-3033470-5267558,FABCON-5L,B09MZ2LBXB,1,1059.0,0.18,MAHARASHTRA,amazon,06ABGCS4796R1ZA,2025-08
2025-06-07 00:21:26,,406-6309949-7902700,FABCONLV,B09YTX7373,1,212.0,0.18,MADHYA PRADESH,amazon,06ABGCS4796R1ZA,2025-08
2025-06-07 10:36:03,,406-2740884-1303531,FABCON-5L,B09MZ2LBXB,1,1059.0,0.18,KARNATAKA,amazon,06ABGCS4796R1ZA,2025-08
2025-06-06 18:55:09,,402-8073832-7254760,SD-620A-K20G,B0CZX5LX3X,1,641.0,0.18,NAGALAND,amazon,06ABGCS4796R1ZA,2025-08
2025-06-06 17:47:53,,408-6661584-1449164,TOILETCLEANER,B0D4NGD87J,1,215.0,0.18,PUNJAB,amazon,06ABGCS4796R1ZA,2025-08
2025-06-06 20:34:59,,407-5096117-3440355,LLQ-LAV-FC,B0B69FK5Q4,1,449.0,0.18,MAHARASHTRA,amazon,06ABGCS4796R1ZA,2025-08
2025-06-07 13:02:57,,403-5275912-4261132,FABCONLV,B09YTX7373,1,212.0,0.18,KARNATAKA,amazon,06ABGCS4796R1ZA,2025-08
2025-06-07 12:52:32,,402-7704061-6286737,LLQ-LAV-1.8L,B0BD8V1NRY,1,399.0,0.18,PUNJAB,amazon,06ABGCS4796R1ZA,2025-08
2025-06-07 11:55:41,,403-5956801-4853961,FABCON-LAV-1.8L,B0BRCL1QS1,2,798.0,0.18,TAMIL NADU,amazon,06ABGCS4796R1ZA,2025-08
2025-06-07 11:35:38,,404-2275300-6318743,FABCON-LAV-1.8L,B0BRCL1QS1,1,399.0,0.18,MAHARASHTRA,amazon,06ABGCS4796R1ZA,2025-08
2025-06-07 13:01:26,,171-4202589-2376344,HW- ALOE-LAV-1L,B0BXK3CL9T,1,530.0,0.18,UTTAR PRADESH,amazon,06ABGCS4796R1ZA,2025-08
2025-06-07 12:18:10,,171-4527220-4720324,FABCONLV-LLQ,B0BXKCDV3V,1,449.0,0.18,MAHARASHTRA,amazon,06ABGCS4796R1ZA,2025-08
2025-06-07 11:50:26,,408-2519342-9844312,TOILETCLEANER,B0D4NGD87J,1,215.0,0.18,MAHARASHTRA,amazon,06ABGCS4796R1ZA,2025-08
2025-06-07 14:09:55,,405-3640914-6788319,AF-LN-R,B09R17Q2H7,1,399.0,0.18,HARYANA,amazon,06ABGCS4796R1ZA,2025-08
2025-06-07 13:16:20,,404-4755473-7829130,TOILETCLEANER,B0D4NGD87J,1,215.0,0.18,KARNATAKA,amazon,06ABGCS4796R1ZA,2025-08
2025-06-08 23:25:24,,404-9095353-5587569,MAGICERASER-4,B0C37LG1LH,5,1725.0,0.18,KARNATAKA,amazon,06ABGCS4796R1ZA,2025-08
2025-06-08 17:00:04,,403-1654389-9421959,KOPRAANALLPURPOSECLEANER,B08FZWRHR5,1,199.0,0.18,GOA,amazon,06ABGCS4796R1ZA,2025-08
2025-06-09 10:02:49,,406-2317630-6197158,FABCON-5L,B09MZ2LBXB,1,1059.0,0.18,MAHARASHTRA,amazon,06ABGCS4796R1ZA,2025-08
2025-06-08 22:51:28,,405-6983133-1599546,KOPAROFABCON,B093HFKP28,1,212.0,0.18,RAJASTHAN,amazon,06ABGCS4796R1ZA,2025-08
2025-06-08 16:29:11,,407-1817409-0093127,LLQ-5L,B09P82DSVL,1,1059.0,0.18,HARYANA,amazon,06ABGCS4796R1ZA,2025-08
2025-06-08 14:06:32,,408-2772817-0289139,FABCON-5L,B09MZ2LBXB,1,1059.0,0.18,PUNJAB,amazon,06ABGCS4796R1ZA,2025-08
2025-06-08 11:44:02,,402-5915108-2968312,TOILETCLEANER,B0D4NGD87J,1,215.0,0.18,HARYANA,amazon,06ABGCS4796R1ZA,2025-08
2025-06-07 19:26:23,,407-6155013-2268331,TOILETCLEANER,B0D4NGD87J,1,215.0,0.18,JAMMU & KASHMIR,amazon,06ABGCS4796R1ZA,2025-08
2025-06-08 17:25:10,,403-8022846-1013144,TOILETCLEANER,B0D4NGD87J,1,215.0,0.18,TELANGANA,amazon,06ABGCS4796R1ZA,2025-08
2025-06-08 23:23:59,,407-2103417-8525968,KOPAROFABCON,B093HFKP28,1,212.0,0.18,TELANGANA,amazon,06ABGCS4796R1ZA,2025-08
2025-06-08 11:27:54,,406-6977125-0863512,KOPAROFABCON,B093HFKP28,1,212.0,0.18,KARNATAKA,amazon,06ABGCS4796R1ZA,2025-08
2025-06-07 23:02:28,,171-0396214-8168336,MAGICERASER-4,B0C37LG1LH,1,345.0,0.18,TAMIL NADU,amazon,06ABGCS4796R1ZA,2025-08
2025-06-08 19:22:06,,403-4228574-4153139,KM-CF8L-5MZL,B0CZXC4K2G,1,534.0,0.18,MAHARASHTRA,amazon,06ABGCS4796R1ZA,2025-08
2025-06-08 12:34:03,,403-9916411-1802719,FABCON-5L,B09MZ2LBXB,1,1059.0,0.18,KARNATAKA,amazon,06ABGCS4796R1ZA,2025-08
2025-06-09 10:25:16,,408-3866619-1402714,FABCON-5L,B09MZ2LBXB,1,1059.0,0.18,RAJASTHAN,amazon,06ABGCS4796R1ZA,2025-08
2025-06-07 17:25:04,,406-9484617-6941131,LLQ-LAV-FC,B0B69FK5Q4,1,449.0,0.18,TAMIL NADU,amazon,06ABGCS4796R1ZA,2025-08
2025-06-08 16:12:54,,402-5886892-2520339,SW,B0BCMFTLDQ,1,277.0,0.18,HARYANA,amazon,06ABGCS4796R1ZA,2025-08
2025-06-08 11:41:36,,406-8773441-4595523,KOPRAANALLPURPOSECLEANER,B08FZWRHR5,1,199.0,0.0,DELHI,amazon,06ABGCS4796R1ZA,2025-08
2025-06-09 07:37:00,,408-2707578-0016356,FABCON-5L,B09MZ2LBXB,1,1059.0,0.18,UTTAR PRADESH,amazon,06ABGCS4796R1ZA,2025-08
2025-06-08 21:08:48,,407-2579654-1873115,KOPRAANALLPURPOSECLEANER,B08FZWRHR5,1,199.0,0.18,HARYANA,amazon,06ABGCS4796R1ZA,2025-08
2025-06-09 08:01:55,,404-3149338-7825906,90-X8YV-Q3DM,B0CZXQMSR5,2,898.0,0.0,DELHI,amazon,06ABGCS4796R1ZA,2025-08
2025-06-08 22:57:28,,402-0930393-0648337,FHW-V&B-2,B0DC69LMB6,1,249.0,0.0,DELHI,amazon,06ABGCS4796R1ZA,2025-08
2025-06-07 22:28:31,,404-0272779-7290776,SW,B0BCMFTLDQ,1,277.0,0.18,MAHARASHTRA,amazon,06ABGCS4796R1ZA,2025-08
2025-06-08 11:45:16,,408-3541102-4337915,FC-LIME,B09MGBZHJ8,1,213.0,0.0,DELHI,amazon,06ABGCS4796R1ZA,2025-08
2025-06-09 09:54:32,,403-4445751-0183561,TOILETCLEANER,B0D4NGD87J,1,215.0,0.18,HARYANA,amazon,06ABGCS4796R1ZA,2025-08
2025-06-07 16:01:57,,408-0109930-4809940,KOPRAANALLPURPOSECLEANER,B08FZWRHR5,1,199.0,0.18,HARYANA,amazon,06ABGCS4796R1ZA,2025-08
2025-06-09 10:13:35,,405-6492665-2574762,LLQ-LAV-FC,B0B69FK5Q4,1,449.0,0.18,TAMIL NADU,amazon,06ABGCS4796R1ZA,2025-08
2025-06-08 12:54:54,,407-1892763-4332322,LLQ-LAV-FC,B0B69FK5Q4,1,449.0,0.18,KARNATAKA,amazon,06ABGCS4796R1ZA,2025-08
2025-06-07 19:54:27,,406-4736025-4226735,KOPAROFABCON,B093HFKP28,1,212.0,0.0,DELHI,amazon,06ABGCS4796R1ZA,2025-08
2025-06-08 08:54:43,,404-3725654-3853913,MAGICERASER-4,B0C37LG1LH,1,345.0,0.18,KARNATAKA,amazon,06ABGCS4796R1ZA,2025-08
2025-06-07 19:55:58,,406-6055722-3497135,FABCON-LAV-1.8L,B0BRCL1QS1,1,399.0,0.0,DELHI,amazon,06ABGCS4796R1ZA,2025-08
2025-06-09 08:27:51,,408-3705347-0440321,MAGICERASER-4,B0C37LG1LH,1,345.0,0.18,TAMIL NADU,amazon,06ABGCS4796R1ZA,2025-08
2025-06-08 12:27:23,,404-6269473-5431569,FABCONLV,B09YTX7373,1,212.0,0.18,TELANGANA,amazon,06ABGCS4796R1ZA,2025-08
2025-06-08 09:26:50,,403-1824951-6368358,KOPAROFABCON,B093HFKP28,1,212.0,0.18,KARNATAKA,amazon,06ABGCS4796R1ZA,2025-08
2025-06-09 11:18:48,,403-1993317-0150758,KOPAROFABCON,B093HFKP28,1,212.0,0.18,NAGALAND,amazon,06ABGCS4796R1ZA,2025-08
2025-06-08 12:27:23,,404-6269473-5431569,FABCON-5L,B09MZ2LBXB,1,1059.0,0.18,TELANGANA,amazon,06ABGCS4796R1ZA,2025-08
2025-06-08 18:07:23,,171-4268601-0873125,FABCON-5L,B09MZ2LBXB,1,1059.0,0.18,KARNATAKA,amazon,06ABGCS4796R1ZA,2025-08
2025-06-09 01:04:37,,403-7407213-4245144,KOPAROFABCON,B093HFKP28,2,424.0,0.18,MAHARASHTRA,amazon,06ABGCS4796R1ZA,2025-08
2025-06-07 18:04:13,,171-8605265-6788366,FABCON-5L,B09MZ2LBXB,1,1059.0,0.0,DELHI,amazon,06ABGCS4796R1ZA,2025-08
2025-06-08 13:53:55,,171-4794464-5005912,KOPAROFABCON,B093HFKP28,1,212.0,0.18,PUNJAB,amazon,06ABGCS4796R1ZA,2025-08
2025-06-08 19:56:33,,405-5712854-7522748,MAGICERASER-4,B0C37LG1LH,1,345.0,0.18,CHHATTISGARH,amazon,06ABGCS4796R1ZA,2025-08
2025-06-08 18:48:24,,405-5661692-9900333,KOPAROFABCON,B093HFKP28,1,212.0,0.18,MAHARASHTRA,amazon,06ABGCS4796R1ZA,2025-08
2025-06-07 23:18:52,,403-5979171-6885148,TOILETCLEANER,B0D4NGD87J,1,215.0,0.18,KARNATAKA,amazon,06ABGCS4796R1ZA,2025-08
2025-06-06 18:39:01,,407-4720837-2739520,FABCONLV,B09YTX7373,1,212.0,0.18,TAMIL NADU,amazon,06ABGCS4796R1ZA,2025-08
2025-06-06 20:25:32,,171-4869647-1364338,FABCONLV,B09YTX7373,1,212.0,0.18,MAHARASHTRA,amazon,06ABGCS4796R1ZA,2025-08
2025-06-07 02:05:17,,405-0379749-6760323,DW-1.8L,B0BD8VSV22,1,299.0,0.18,TELANGANA,amazon,06ABGCS4796R1ZA,2025-08
2025-06-07 08:41:39,,404-0306182-3123517,KOPAROFABCON,B093HFKP28,1,212.0,0.18,MAHARASHTRA,amazon,06ABGCS4796R1ZA,2025-08
2025-06-09 22:35:11,,171-1307714-1953949,FABCON-5L,B09MZ2LBXB,1,1059.0,0.18,MAHARASHTRA,amazon,06ABGCS4796R1ZA,2025-08
2025-06-09 22:33:27,,407-8241190-1795508,SW,B0BCMFTLDQ,1,277.0,0.18,MAHARASHTRA,amazon,06ABGCS4796R1ZA,2025-08
2025-06-09 17:22:05,,406-4315693-6978701,FABCON-5L,B09MZ2LBXB,3,3177.0,0.18,MAHARASHTRA,amazon,06ABGCS4796R1ZA,2025-08
2025-06-10 10:28:02,,403-6822827-1541951,FRC-TSC,B0BD8R1BMJ,2,598.0,0.18,RAJASTHAN,amazon,06ABGCS4796R1ZA,2025-08
2025-06-10 11:37:44,,406-7300797-9371530,KOPAROFABCON,B093HFKP28,1,212.0,0.18,ANDHRA PRADESH,amazon,06ABGCS4796R1ZA,2025-08
2025-06-10 08:58:20,,404-3030862-7395561,MAGICERASER-4,B0C37LG1LH,1,345.0,0.0,DELHI,amazon,06ABGCS4796R1ZA,2025-08
2025-06-09 20:20:42,,402-1505243-3633921,FABCON-5L,B09MZ2LBXB,3,3177.0,0.18,MAHARASHTRA,amazon,06ABGCS4796R1ZA,2025-08
2025-06-09 14:10:53,,402-4675367-5669916,LLQ-LAV-FC,B0B69FK5Q4,1,449.0,0.18,ASSAM,amazon,06ABGCS4796R1ZA,2025-08
2025-06-09 16:33:15,,406-6749814-5751518,KOPRAANALLPURPOSECLEANER,B08FZWRHR5,1,199.0,0.18,MADHYA PRADESH,amazon,06ABGCS4796R1ZA,2025-08
2025-06-09 15:08:03,,171-4738805-9557104,TOILETCLEANER,B0D4NGD87J,1,215.0,0.18,WEST BENGAL,amazon,06ABGCS4796R1ZA,2025-08
2025-06-10 07:12:05,,407-0051453-3265120,AF-LN-R,B09R17Q2H7,1,399.0,0.18,GUJARAT,amazon,06ABGCS4796R1ZA,2025-08
2025-06-10 10:32:39,,402-0731503-4337163,FABCONLV-LLQ,B0BXKCDV3V,1,449.0,0.18,RAJASTHAN,amazon,06ABGCS4796R1ZA,2025-08
2025-06-10 07:39:12,,403-1351882-0252342,FHW-V&B-2,B0DC69LMB6,1,249.0,0.18,ANDHRA PRADESH,amazon,06ABGCS4796R1ZA,2025-08
2025-06-10 11:29:22,,402-6502799-7059540,TOILETCLEANER,B0D4NGD87J,1,215.0,0.18,MAHARASHTRA,amazon,06ABGCS4796R1ZA,2025-08
2025-06-09 18:57:43,,407-2823165-7297152,HB-LBSM-HP4K,B0D5N79SLL,1,534.0,0.18,HARYANA,amazon,06ABGCS4796R1ZA,2025-08
2025-06-09 16:00:36,,406-2064877-2370702,FABCON-5L,B09MZ2LBXB,1,1059.0,0.18,TELANGANA,amazon,06ABGCS4796R1ZA,2025-08
2025-06-10 00:06:32,,403-0536728-6057142,TOILETCLEANER,B0D4NGD87J,1,215.0,0.18,HARYANA,amazon,06ABGCS4796R1ZA,2025-08
2025-06-09 14:10:14,,403-8217567-1180362,LLQ-LAV-1.8L,B0BD8V1NRY,1,399.0,0.18,MAHARASHTRA,amazon,06ABGCS4796R1ZA,2025-08
2025-06-09 20:38:00,,408-7698615-7162747,HW- ALOE-LAV-1L,B0BXK3CL9T,1,530.0,0.18,PUNJAB,amazon,06ABGCS4796R1ZA,2025-08
2025-06-09 14:23:43,,402-6397188-9853159,LLQ-LAV-FC,B0B69FK5Q4,1,449.0,0.18,TAMIL NADU,amazon,06ABGCS4796R1ZA,2025-08
2025-06-09 15:36:08,,406-0268799-1307507,SW,B0BCMFTLDQ,2,554.0,0.18,KARNATAKA,amazon,06ABGCS4796R1ZA,2025-08
2025-06-09 23:55:51,,408-1452880-9949940,AF-LN-R,B09R17Q2H7,1,399.0,0.18,RAJASTHAN,amazon,06ABGCS4796R1ZA,2025-08
2025-06-09 22:36:28,,407-5133555-7397963,FHW-V&B-2,B0DC69LMB6,1,249.0,0.18,UTTARAKHAND,amazon,06ABGCS4796R1ZA,2025-08
2025-06-07 17:23:17,,408-7343925-9662757,FABCON-5L,B09MZ2LBXB,1,1059.0,0.18,GOA,amazon,06ABGCS4796R1ZA,2025-08
2025-06-07 12:48:02,,407-8784529-3961951,FABCONLV-LLQ,B0BXKCDV3V,1,449.0,0.18,GOA,amazon,06ABGCS4796R1ZA,2025-08
2025-06-08 08:38:44,,404-9044449-4177132,DW-1.8L,B0BD8VSV22,1,299.0,0.18,WEST BENGAL,amazon,06ABGCS4796R1ZA,2025-08
2025-06-08 08:59:05,,404-6156385-3031517,HB-LBSM-HP4K,B0D5N79SLL,1,534.0,0.18,MAHARASHTRA,amazon,06ABGCS4796R1ZA,2025-08
2025-06-08 00:18:49,,405-6797656-0375542,KOPAROFABCON,B093HFKP28,1,212.0,0.18,ANDHRA PRADESH,amazon,06ABGCS4796R1ZA,2025-08
2025-06-08 13:40:34,,403-1863232-8943544,FABCON-5L,B09MZ2LBXB,1,1059.0,0.18,MAHARASHTRA,amazon,06ABGCS4796R1ZA,2025-08
2025-06-08 13:04:06,,406-9701920-5160328,FABCONLV,B09YTX7373,1,212.0,0.18,KARNATAKA,amazon,06ABGCS4796R1ZA,2025-08
2025-06-10 13:24:31,,403-2945089-8741913,TOILETCLEANER,B0D4NGD87J,2,430.0,0.18,HARYANA,amazon,06ABGCS4796R1ZA,2025-08
2025-06-11 00:51:00,,403-8434630-6405115,FHW-V&B-2,B0DC69LMB6,1,249.0,0.18,WEST BENGAL,amazon,06ABGCS4796R1ZA,2025-08
2025-06-11 07:04:49,,403-7846458-0353149,TOILETCLEANER,B0D4NGD87J,1,215.0,0.18,TELANGANA,amazon,06ABGCS4796R1ZA,2025-08
2025-06-11 00:09:37,,171-2808699-3057122,FABCONLV,B09YTX7373,1,212.0,0.18,TELANGANA,amazon,06ABGCS4796R1ZA,2025-08
2025-06-11 07:37:08,,404-3244323-9565108,FC-JAS-LIME,B0BD8MX8YP,1,530.0,0.18,MAHARASHTRA,amazon,06ABGCS4796R1ZA,2025-08
2025-06-10 19:46:47,,407-1519292-8429942,MAGICERASER-4,B0C37LG1LH,1,345.0,0.18,KARNATAKA,amazon,06ABGCS4796R1ZA,2025-08
2025-06-11 09:19:14,,407-8133727-3447515,FABCON-5L,B09MZ2LBXB,1,1059.0,0.18,TELANGANA,amazon,06ABGCS4796R1ZA,2025-08
2025-06-10 17:27:20,,171-9034679-9468308,AF-LN-R,B09R17Q2H7,1,399.0,0.18,PUNJAB,amazon,06ABGCS4796R1ZA,2025-08
2025-06-10 12:41:39,,403-5408768-3888336,FHW-V&B-2,B0DC69LMB6,1,249.0,0.18,KARNATAKA,amazon,06ABGCS4796R1ZA,2025-08
2025-06-11 09:57:51,,405-6358021-1753138,KOPAROFABCON,B093HFKP28,2,424.0,0.18,KARNATAKA,amazon,06ABGCS4796R1ZA,2025-08
2025-06-11 08:26:40,,171-8508143-0701949,KOPRAANALLPURPOSECLEANER,B08FZWRHR5,1,199.0,0.18,MAHARASHTRA,amazon,06ABGCS4796R1ZA,2025-08
2025-06-10 17:11:46,,408-7266888-2560342,KOPRAANALLPURPOSECLEANER,B08FZWRHR5,1,199.0,0.18,HARYANA,amazon,06ABGCS4796R1ZA,2025-08
2025-06-10 23:11:27,,406-7105213-9617133,HW-ALOE,B09MG8X41Q,1,229.0,0.18,KERALA,amazon,06ABGCS4796R1ZA,2025-08
2025-06-10 13:36:06,,405-8733460-6190753,KOPAROFABCON,B093HFKP28,1,212.0,0.18,KARNATAKA,amazon,06ABGCS4796R1ZA,2025-08
2025-06-10 15:06:01,,405-4276336-1441905,KOPRAANALLPURPOSECLEANER,B08FZWRHR5,1,199.0,0.18,UTTAR PRADESH,amazon,06ABGCS4796R1ZA,2025-08
2025-06-11 11:04:08,,403-1155308-2505930,SW,B0BCMFTLDQ,1,277.0,0.18,MAHARASHTRA,amazon,06ABGCS4796R1ZA,2025-08
2025-06-10 16:51:46,,405-3171878-3246732,FABCON-5L,B09MZ2LBXB,1,1059.0,0.18,KERALA,amazon,06ABGCS4796R1ZA,2025-08
2025-06-11 07:44:24,,408-6639037-5738705,FABCON-5L,B09MZ2LBXB,1,1059.0,0.0,DELHI,amazon,06ABGCS4796R1ZA,2025-08
2025-06-10 19:30:12,,171-8050521-0933119,KOPAROFABCON,B093HFKP28,1,212.0,0.18,TELANGANA,amazon,06ABGCS4796R1ZA,2025-08
2025-06-10 21:47:49,,408-4439197-8281949,FABCON-5L,B09MZ2LBXB,1,1059.0,0.18,TAMIL NADU,amazon,06ABGCS4796R1ZA,2025-08
2025-06-11 07:47:41,,408-2626827-5917965,KOPRAANALLPURPOSECLEANER,B08FZWRHR5,1,199.0,0.18,TELANGANA,amazon,06ABGCS4796R1ZA,2025-08
2025-06-10 23:29:18,,404-1451530-2445900,KOPAROFABCON,B093HFKP28,1,212.0,0.18,MAHARASHTRA,amazon,06ABGCS4796R1ZA,2025-08
2025-06-11 08:37:49,,407-5462870-8654725,90-X8YV-Q3DM,B0CZXQMSR5,1,449.0,0.18,PUNJAB,amazon,06ABGCS4796R1ZA,2025-08
2025-06-11 08:37:49,,407-5462870-8654725,LLQ-5L,B09P82DSVL,1,1059.0,0.18,PUNJAB,amazon,06ABGCS4796R1ZA,2025-08
2025-06-11 09:59:41,,406-6152980-8283537,TOILETCLEANER,B0D4NGD87J,1,215.0,0.18,WEST BENGAL,amazon,06ABGCS4796R1ZA,2025-08
2025-06-10 14:00:17,,171-0226351-1396343,TOILETCLEANER,B0D4NGD87J,1,215.0,0.18,KARNATAKA,amazon,06ABGCS4796R1ZA,2025-08
2025-06-10 13:17:12,,405-0031085-9640328,FABCONLV,B09YTX7373,1,212.0,0.18,NAGALAND,amazon,06ABGCS4796R1ZA,2025-08
2025-06-11 09:20:39,,403-0486775-8833952,FABCON-5L,B09MZ2LBXB,1,1059.0,0.18,CHANDIGARH,amazon,06ABGCS4796R1ZA,2025-08
2025-06-10 22:00:41,,406-9769301-9605925,FABCON-5L,B09MZ2LBXB,1,1059.0,0.18,KARNATAKA,amazon,06ABGCS4796R1ZA,2025-08
2025-06-11 05:38:12,,402-5508275-1348338,FHW-V&B-2,B0DC69LMB6,1,249.0,0.18,KARNATAKA,amazon,06ABGCS4796R1ZA,2025-08
2025-06-10 12:29:57,,404-5207596-4739502,FABCON-5L,B09MZ2LBXB,1,1059.0,0.18,KARNATAKA,amazon,06ABGCS4796R1ZA,2025-08
2025-06-10 12:32:56,,404-7693638-1445920,TOILETCLEANER,B0D4NGD87J,1,215.0,0.18,KARNATAKA,amazon,06ABGCS4796R1ZA,2025-08
2025-06-10 12:25:11,,404-4643780-7353166,KOPRAANALLPURPOSECLEANER,B08FZWRHR5,1,199.0,0.18,GOA,amazon,06ABGCS4796R1ZA,2025-08
2025-06-10 23:06:05,,408-8166871-1964337,TOILETCLEANER,B0D4NGD87J,1,215.0,0.18,MAHARASHTRA,amazon,06ABGCS4796R1ZA,2025-08
2025-06-11 15:17:41,,405-5730712-1430734,KOPAROFABCON,B093HFKP28,1,212.0,0.18,TELANGANA,amazon,06ABGCS4796R1ZA,2025-08
2025-06-11 12:27:14,,403-5386915-5076331,KOPAROFABCON,B093HFKP28,1,212.0,0.18,KARNATAKA,amazon,06ABGCS4796R1ZA,2025-08
2025-06-11 14:47:12,,405-8004077-2483532,KOPAROFABCON,B093HFKP28,1,212.0,0.18,TELANGANA,amazon,06ABGCS4796R1ZA,2025-08
2025-06-11 12:54:33,,171-7159421-2380357,FHW-V&B-2,B0DC69LMB6,1,249.0,0.18,GUJARAT,amazon,06ABGCS4796R1ZA,2025-08
2025-06-11 12:38:06,,408-2134613-2246752,AF-LN-R,B09R17Q2H7,1,399.0,0.18,KERALA,amazon,06ABGCS4796R1ZA,2025-08
2025-06-11 12:32:10,,408-3872718-0579568,MAGICERASER-4,B0C37LG1LH,1,345.0,0.18,MAHARASHTRA,amazon,06ABGCS4796R1ZA,2025-08
2025-06-12 10:46:46,,403-1599006-6545941,KOPRAANALLPURPOSECLEANER,B08FZWRHR5,1,199.0,0.18,MAHARASHTRA,amazon,06ABGCS4796R1ZA,2025-08
2025-06-11 18:57:19,,403-3249191-5338715,FABCONLV,B09YTX7373,1,212.0,0.18,MAHARASHTRA,amazon,06ABGCS4796R1ZA,2025-08
2025-06-12 10:26:59,,171-8208333-9161126,FABCON-5L,B09MZ2LBXB,1,1059.0,0.18,KERALA,amazon,06ABGCS4796R1ZA,2025-08
2025-06-12 08:11:34,,403-7279111-5105132,AF-LN-R,B09R17Q2H7,1,399.0,0.18,KARNATAKA,amazon,06ABGCS4796R1ZA,2025-08
2025-06-11 17:20:26,,406-8826501-5123549,FHW-V&B-2,B0DC69LMB6,1,249.0,0.18,MAHARASHTRA,amazon,06ABGCS4796R1ZA,2025-08
2025-06-11 20:46:39,,404-1275295-5705949,FABCON-5L,B09MZ2LBXB,1,1059.0,0.18,MAHARASHTRA,amazon,06ABGCS4796R1ZA,2025-08
2025-06-11 20:57:06,,403-6884569-8034712,MAGICERASER-4,B0C37LG1LH,1,345.0,0.18,TAMIL NADU,amazon,06ABGCS4796R1ZA,2025-08
2025-06-12 12:26:20,,402-3576587-2730735,KOPAROFABCON,B093HFKP28,1,212.0,0.18,TELANGANA,amazon,06ABGCS4796R1ZA,2025-08
2025-06-12 08:03:04,,408-9235068-2905136,FABCON-5L,B09MZ2LBXB,1,1059.0,0.18,TELANGANA,amazon,06ABGCS4796R1ZA,2025-08
2025-06-11 19:52:26,,405-1262094-1412300,TOILETCLEANER,B0D4NGD87J,1,215.0,0.18,MAHARASHTRA,amazon,06ABGCS4796R1ZA,2025-08
2025-06-12 11:15:15,,403-6341935-0605953,FABCONLV,B09YTX7373,2,424.0,0.18,MAHARASHTRA,amazon,06ABGCS4796R1ZA,2025-08
2025-06-12 07:30:38,,408-7340313-8668300,KOPAROFABCON,B093HFKP28,1,212.0,0.18,MAHARASHTRA,amazon,06ABGCS4796R1ZA,2025-08
2025-06-12 10:59:06,,406-1064791-9014709,HB-LBSM-HP4K,B0D5N79SLL,1,534.0,0.18,GOA,amazon,06ABGCS4796R1ZA,2025-08
2025-06-12 00:00:44,,403-1810901-3229124,HW-ALOE-5L,B09Y9CJBLT,1,1099.0,0.18,TAMIL NADU,amazon,06ABGCS4796R1ZA,2025-08
2025-06-11 22:54:27,,407-3862654-0657104,TOILETCLEANER,B0D4NGD87J,1,215.0,0.18,GUJARAT,amazon,06ABGCS4796R1ZA,2025-08
2025-06-11 23:10:07,,403-7018878-4034706,MAGICERASER-4,B0C37LG1LH,1,345.0,0.18,KARNATAKA,amazon,06ABGCS4796R1ZA,2025-08
2025-06-12 08:01:51,,405-2372717-8447520,AF-LN-R,B09R17Q2H7,1,399.0,0.18,MAHARASHTRA,amazon,06ABGCS4796R1ZA,2025-08
2025-06-13 11:07:52,,407-5758760-7773923,SW,B0BCMFTLDQ,1,277.0,0.18,KARNATAKA,amazon,06ABGCS4796R1ZA,2025-08
2025-06-12 22:52:05,,408-4007166-1413108,KOPRAANALLPURPOSECLEANER,B08FZWRHR5,1,199.0,0.18,ANDHRA PRADESH,amazon,06ABGCS4796R1ZA,2025-08
2025-06-13 10:32:28,,408-5497405-0322705,FABCON-5L,B09MZ2LBXB,1,1059.0,0.18,KARNATAKA,amazon,06ABGCS4796R1ZA,2025-08
2025-06-13 08:12:34,,408-6496151-7001141,TOILETCLEANER,B0D4NGD87J,1,215.0,0.18,PUNJAB,amazon,06ABGCS4796R1ZA,2025-08
2025-06-12 20:59:28,,407-7934261-3401910,FHW-V&B-2,B0DC69LMB6,1,249.0,0.18,ASSAM,amazon,06ABGCS4796R1ZA,2025-08
2025-06-13 06:04:30,,406-2081825-6440312,MAGICERASER-4,B0C37LG1LH,2,690.0,0.18,ANDHRA PRADESH,amazon,06ABGCS4796R1ZA,2025-08
2025-06-13 11:01:59,,408-0603195-2797145,TOILETCLEANER,B0D4NGD87J,1,215.0,0.18,GUJARAT,amazon,06ABGCS4796R1ZA,2025-08
2025-06-13 09:33:12,,402-8913488-7059542,TOILETCLEANER,B0D4NGD87J,1,215.0,0.18,WEST BENGAL,amazon,06ABGCS4796R1ZA,2025-08
2025-06-13 10:11:31,,403-2932126-3975539,FABCON-5L,B09MZ2LBXB,1,1059.0,0.18,KARNATAKA,amazon,06ABGCS4796R1ZA,2025-08
2025-06-12 19:28:20,,402-9133195-9000353,LLQ-LAV-FC,B0B69FK5Q4,1,449.0,0.18,MAHARASHTRA,amazon,06ABGCS4796R1ZA,2025-08
2025-06-13 00:05:45,,405-0777337-6523553,FABCONLV,B09YTX7373,1,212.0,0.18,MAHARASHTRA,amazon,06ABGCS4796R1ZA,2025-08
2025-06-13 01:34:27,,405-5970563-5094719,AF-LN-R,B09R17Q2H7,1,399.0,0.18,TELANGANA,amazon,06ABGCS4796R1ZA,2025-08
2025-06-13 08:54:30,,407-3838829-2241905,MAGICERASER-4,B0C37LG1LH,1,345.0,0.18,TAMIL NADU,amazon,06ABGCS4796R1ZA,2025-08
2025-06-12 13:39:26,,403-7386740-1809117,MAGICERASER-4,B0C37LG1LH,1,345.0,0.18,KARNATAKA,amazon,06ABGCS4796R1ZA,2025-08
2025-06-12 13:43:29,,408-2436444-8073124,MAGICERASER-4,B0C37LG1LH,1,345.0,0.18,MAHARASHTRA,amazon,06ABGCS4796R1ZA,2025-08
2025-06-12 12:34:09,,408-8840536-4789140,FABCON-5L,B09MZ2LBXB,1,1059.0,0.18,MAHARASHTRA,amazon,06ABGCS4796R1ZA,2025-08
2025-06-12 14:45:55,,171-1728560-7505158,TOILETCLEANER,B0D4NGD87J,1,215.0,0.18,MAHARASHTRA,amazon,06ABGCS4796R1ZA,2025-08
2025-06-12 14:45:55,,171-1728560-7505158,FC-JAS-LIME,B0BD8MX8YP,1,530.0,0.18,MAHARASHTRA,amazon,06ABGCS4796R1ZA,2025-08
2025-06-12 12:54:38,,404-0973153-8617155,FC-JAS-LIME,B0BD8MX8YP,1,530.0,0.18,ANDHRA PRADESH,amazon,06ABGCS4796R1ZA,2025-08
2025-06-13 11:19:55,,171-7680904-7862727,MAGICERASER-4,B0C37LG1LH,1,345.0,0.18,MAHARASHTRA,amazon,06ABGCS4796R1ZA,2025-08
2025-06-12 15:33:44,,403-4410703-3374706,MAGICERASER-4,B0C37LG1LH,1,345.0,0.18,MAHARASHTRA,amazon,06ABGCS4796R1ZA,2025-08
2025-06-13 20:05:46,,404-4358431-8929916,HW- ALOE-LAV-1L,B0BXK3CL9T,1,530.0,0.18,GUJARAT,amazon,06ABGCS4796R1ZA,2025-08
2025-06-14 09:57:42,,406-4734055-0272362,KOPAROFABCON,B093HFKP28,1,212.0,0.18,TAMIL NADU,amazon,06ABGCS4796R1ZA,2025-08
2025-06-14 06:35:52,,407-3780668-4345134,SW,B0BCMFTLDQ,1,277.0,0.18,TELANGANA,amazon,06ABGCS4796R1ZA,2025-08
2025-06-14 11:42:42,,402-7235614-6837157,KOPAROFABCON,B093HFKP28,1,212.0,0.18,KARNATAKA,amazon,06ABGCS4796R1ZA,2025-08
2025-06-13 19:13:22,,171-4050367-8210709,SW,B0BCMFTLDQ,1,277.0,0.18,KERALA,amazon,06ABGCS4796R1ZA,2025-08
2025-06-13 14:24:41,,407-8021493-8793145,FHW-V&B-2,B0DC69LMB6,1,249.0,0.18,MAHARASHTRA,amazon,06ABGCS4796R1ZA,2025-08
2025-06-13 13:26:06,,405-6907072-7152323,KOPRAANALLPURPOSECLEANER,B08FZWRHR5,1,199.0,0.18,PUNJAB,amazon,06ABGCS4796R1ZA,2025-08
2025-06-14 09:33:26,,402-9214031-7901966,TOILETCLEANER,B0D4NGD87J,1,215.0,0.18,MAHARASHTRA,amazon,06ABGCS4796R1ZA,2025-08
2025-06-14 10:02:38,,406-9069506-7801966,KOPAROFABCON,B093HFKP28,5,1060.0,0.18,KARNATAKA,amazon,06ABGCS4796R1ZA,2025-08
2025-06-14 08:20:25,,403-3118027-2365137,FABCON-5L,B09MZ2LBXB,2,2118.0,0.18,MAHARASHTRA,amazon,06ABGCS4796R1ZA,2025-08
2025-06-13 15:34:35,,405-0844276-5722768,LLQ-5L,B09P82DSVL,1,1059.0,0.18,KARNATAKA,amazon,06ABGCS4796R1ZA,2025-08
2025-06-16 09:50:59,,408-9698714-9496312,APC-1500,B0D77636J7,2,1398.0,0.18,TELANGANA,amazon,06ABGCS4796R1ZA,2025-08
2025-06-15 17:32:28,,407-1464317-0851511,LLQ-LAV-FC,B0B69FK5Q4,1,449.0,0.18,RAJASTHAN,amazon,06ABGCS4796R1ZA,2025-08
2025-06-15 21:39:47,,405-3151888-0473151,TOILETCLEANER,B0D4NGD87J,1,215.0,0.18,MAHARASHTRA,amazon,06ABGCS4796R1ZA,2025-08
2025-06-15 14:10:04,,408-7537562-4813934,FHW-V&B-2,B0DC69LMB6,1,249.0,0.18,RAJASTHAN,amazon,06ABGCS4796R1ZA,2025-08
2025-06-16 11:22:50,,403-8562151-3368354,KOPAROFABCON,B093HFKP28,1,212.0,0.18,KARNATAKA,amazon,06ABGCS4796R1ZA,2025-08
2025-06-15 22:03:32,,407-7759269-8339567,MFC,B0BCPQS5X3,1,310.0,0.18,KARNATAKA,amazon,06ABGCS4796R1ZA,2025-08
2025-06-16 10:36:29,,406-6126473-6214739,FABCON-5L,B09MZ2LBXB,1,1059.0,0.18,KARNATAKA,amazon,06ABGCS4796R1ZA,2025-08
2025-06-14 20:57:26,,403-0547336-5031518,KOPAROFABCON,B093HFKP28,1,212.0,0.18,KARNATAKA,amazon,06ABGCS4796R1ZA,2025-08
2025-06-15 21:17:48,,407-4926299-0891513,FABCON-5L,B09MZ2LBXB,1,1059.0,0.18,GUJARAT,amazon,06ABGCS4796R1ZA,2025-08
2025-06-16 10:06:23,,171-6777132-1768329,FABCONLV,B09YTX7373,1,212.0,0.18,MAHARASHTRA,amazon,06ABGCS4796R1ZA,2025-08
2025-06-16 10:03:05,,402-2626660-5269153,LLQ-LAV-FC,B0B69FK5Q4,1,449.0,0.18,KARNATAKA,amazon,06ABGCS4796R1ZA,2025-08
2025-06-15 04:14:59,,404-5129302-4733163,FC-LIME,B09MGBZHJ8,1,213.0,0.18,UTTAR PRADESH,amazon,06ABGCS4796R1ZA,2025-08
2025-06-15 19:06:20,,402-8730490-4504300,MAGICERASER-4,B0C37LG1LH,1,345.0,0.18,MAHARASHTRA,amazon,06ABGCS4796R1ZA,2025-08
2025-06-16 10:24:01,,403-5140450-1659550,KOPAROFABCON,B093HFKP28,1,212.0,0.18,KARNATAKA,amazon,06ABGCS4796R1ZA,2025-08
2025-06-15 11:47:59,,171-3559182-6723500,FABCONLV,B09YTX7373,1,212.0,0.18,WEST BENGAL,amazon,06ABGCS4796R1ZA,2025-08
2025-06-15 17:03:47,,405-8348332-1004329,SW,B0BCMFTLDQ,1,277.0,0.18,MAHARASHTRA,amazon,06ABGCS4796R1ZA,2025-08
2025-06-15 12:01:16,,405-2482186-5125903,KOPRAANALLPURPOSECLEANER,B08FZWRHR5,1,199.0,0.18,JAMMU & KASHMIR,amazon,06ABGCS4796R1ZA,2025-08
2025-06-14 14:15:44,,408-7303685-3968367,TOILETCLEANER,B0D4NGD87J,1,215.0,0.18,TELANGANA,amazon,06ABGCS4796R1ZA,2025-08
2025-06-15 11:18:59,,405-6974922-3176367,FABCONLV,B09YTX7373,1,212.0,0.18,KARNATAKA,amazon,06ABGCS4796R1ZA,2025-08
2025-06-15 14:45:45,,171-6725963-9243559,KOPAROFABCON,B093HFKP28,1,212.0,0.18,PUNJAB,amazon,06ABGCS4796R1ZA,2025-08
2025-06-15 23:15:03,,407-5036752-7701920,KOPAROFABCON,B093HFKP28,1,212.0,0.18,KARNATAKA,amazon,06ABGCS4796R1ZA,2025-08
2025-06-15 22:45:42,,408-3679489-8650726,LLQ-LAV-FC,B0B69FK5Q4,1,449.0,0.18,MAHARASHTRA,amazon,06ABGCS4796R1ZA,2025-08
2025-06-15 11:20:32,,407-6166732-8301902,MAGICERASER-4,B0C37LG1LH,4,1380.0,0.18,TAMIL NADU,amazon,06ABGCS4796R1ZA,2025-08
2025-06-15 14:15:28,,402-4952865-6561122,KOPAROFABCON,B093HFKP28,1,212.0,0.18,TAMIL NADU,amazon,06ABGCS4796R1ZA,2025-08
2025-06-15 09:31:25,,407-5210106-2344344,FABCON-5L,B09MZ2LBXB,1,1059.0,0.18,TAMIL NADU,amazon,06ABGCS4796R1ZA,2025-08
2025-06-14 15:00:30,,171-3969249-8146760,KOPAROFABCON,B093HFKP28,1,212.0,0.18,KERALA,amazon,06ABGCS4796R1ZA,2025-08
2025-06-14 14:38:17,,402-9908837-2356339,FC-JAS-LIME,B0BD8MX8YP,1,530.0,0.18,MAHARASHTRA,amazon,06ABGCS4796R1ZA,2025-08
2025-06-14 14:51:15,,171-6780350-6174720,FABCON-5L,B09MZ2LBXB,1,1059.0,0.18,KERALA,amazon,06ABGCS4796R1ZA,2025-08
2025-06-14 14:38:17,,402-9908837-2356339,TOILETCLEANER,B0D4NGD87J,1,215.0,0.18,MAHARASHTRA,amazon,06ABGCS4796R1ZA,2025-08
2025-06-14 13:07:01,,404-5291991-7566724,KOPAROFABCON,B093HFKP28,1,212.0,0.18,MAHARASHTRA,amazon,06ABGCS4796R1ZA,2025-08
2025-06-15 11:09:38,,402-5987001-9039560,KOPAROFABCON,B093HFKP28,1,212.0,0.18,MAHARASHTRA,amazon,06ABGCS4796R1ZA,2025-08
2025-06-15 13:08:29,,402-7055911-6384318,FABCONLV,B09YTX7373,1,212.0,0.18,KARNATAKA,amazon,06ABGCS4796R1ZA,2025-08
2025-06-14 21:59:25,,406-7994544-5551565,MAGICERASER-4,B0C37LG1LH,2,690.0,0.18,ANDHRA PRADESH,amazon,06ABGCS4796R1ZA,2025-08
2025-06-15 17:44:04,,171-2861320-3104361,FABCON-5L,B09MZ2LBXB,1,1059.0,0.18,TELANGANA,amazon,06ABGCS4796R1ZA,2025-08
2025-06-16 01:09:25,,408-7661408-2937921,MAGICERASER-4,B0C37LG1LH,1,345.0,0.18,KARNATAKA,amazon,06ABGCS4796R1ZA,2025-08
2025-06-15 10:57:43,,406-2247610-8336339,KOPAROFABCON,B093HFKP28,1,212.0,0.18,MADHYA PRADESH,amazon,06ABGCS4796R1ZA,2025-08
2025-06-14 14:13:45,,406-2069441-3002747,LLQ-LAV-1.8L,B0BD8V1NRY,1,399.0,0.18,ODISHA,amazon,06ABGCS4796R1ZA,2025-08
2025-06-14 13:16:00,,402-4963458-2261127,TOILETCLEANER,B0D4NGD87J,1,215.0,0.18,HARYANA,amazon,06ABGCS4796R1ZA,2025-08
2025-06-14 15:28:29,,403-5382285-9482712,MFC,B0BCPQS5X3,1,310.0,0.18,TELANGANA,amazon,06ABGCS4796R1ZA,2025-08
2025-06-15 12:02:31,,404-9662850-5911501,TOILETCLEANER,B0D4NGD87J,1,215.0,0.18,MAHARASHTRA,amazon,06ABGCS4796R1ZA,2025-08
2025-06-15 12:29:33,,407-2194750-3825109,TOILETCLEANER,B0D4NGD87J,1,215.0,0.18,MAHARASHTRA,amazon,06ABGCS4796R1ZA,2025-08
2025-06-15 12:02:31,,404-9662850-5911501,KOPAROFABCON,B093HFKP28,1,212.0,0.18,MAHARASHTRA,amazon,06ABGCS4796R1ZA,2025-08
2025-06-14 15:17:55,,402-5637721-6669930,FABCON-5L,B09MZ2LBXB,1,1059.0,0.18,ASSAM,amazon,06ABGCS4796R1ZA,2025-08
2025-06-15 12:07:54,,407-5916013-2801962,KOPAROFABCON,B093HFKP28,1,212.0,0.18,MEGHALAYA,amazon,06ABGCS4796R1ZA,2025-08
2025-06-14 14:04:13,,403-0123244-7913953,FHW-V&B-2,B0DC69LMB6,1,249.0,0.18,TELANGANA,amazon,06ABGCS4796R1ZA,2025-08
2025-06-14 12:40:39,,403-0670167-9785101,FABCONLV,B09YTX7373,1,212.0,0.18,MAHARASHTRA,amazon,06ABGCS4796R1ZA,2025-08
2025-06-15 00:40:55,,171-2629614-0977926,FHW-V&B-2,B0DC69LMB6,1,249.0,0.18,TELANGANA,amazon,06ABGCS4796R1ZA,2025-08
2025-06-14 18:42:17,,403-2091227-9739528,KOPAROFABCON,B093HFKP28,1,212.0,0.18,GUJARAT,amazon,06ABGCS4796R1ZA,2025-08
2025-06-14 19:09:32,,403-5275783-1110760,KOPRAANALLPURPOSECLEANER,B08FZWRHR5,1,199.0,0.18,TAMIL NADU,amazon,06ABGCS4796R1ZA,2025-08
2025-06-14 21:26:15,,406-4649144-8299521,TOILETCLEANER,B0D4NGD87J,1,215.0,0.18,CHHATTISGARH,amazon,06ABGCS4796R1ZA,2025-08
2025-06-14 17:00:30,,408-6889830-8618729,KOPAROFABCON,B093HFKP28,1,212.0,0.18,GUJARAT,amazon,06ABGCS4796R1ZA,2025-08
2025-06-14 13:30:00,,403-8027451-7737118,MAGICERASER-4,B0C37LG1LH,1,345.0,0.18,TAMIL NADU,amazon,06ABGCS4796R1ZA,2025-08
2025-06-15 12:45:50,,404-0628001-5853159,KOPAROFABCON,B093HFKP28,1,212.0,0.18,MAHARASHTRA,amazon,06ABGCS4796R1ZA,2025-08
2025-06-15 12:04:54,,408-3553123-2752346,SW,B0BCMFTLDQ,1,277.0,0.18,MAHARASHTRA,amazon,06ABGCS4796R1ZA,2025-08
2025-06-15 09:23:46,,407-1587723-6373938,FHW-V&B-2,B0DC69LMB6,1,249.0,0.18,KERALA,amazon,06ABGCS4796R1ZA,2025-08
2025-06-15 12:28:41,,403-8167274-6725167,FABCON-5L,B09MZ2LBXB,1,1059.0,0.18,KERALA,amazon,06ABGCS4796R1ZA,2025-08
2025-06-15 12:54:23,,403-9244836-2499565,TOILETCLEANER,B0D4NGD87J,1,212.85,0.18,GUJARAT,amazon,06ABGCS4796R1ZA,2025-08
2025-06-15 16:59:53,,404-5829323-7797119,FABCONLV,B09YTX7373,1,212.0,0.18,GUJARAT,amazon,06ABGCS4796R1ZA,2025-08
2025-06-15 13:27:27,,404-9864411-4927502,KOPAROFABCON,B093HFKP28,1,212.0,0.18,GOA,amazon,06ABGCS4796R1ZA,2025-08
2025-06-15 17:46:02,,406-9754061-9077109,KOPAROFABCON,B093HFKP28,1,212.0,0.18,MAHARASHTRA,amazon,06ABGCS4796R1ZA,2025-08
2025-06-15 17:21:18,,171-3657912-3699566,HW- ALOE-LAV-1L,B0BXK3CL9T,1,530.0,0.18,MAHARASHTRA,amazon,06ABGCS4796R1ZA,2025-08
2025-06-15 17:21:18,,171-3657912-3699566,TOILETCLEANER,B0D4NGD87J,1,215.0,0.18,MAHARASHTRA,amazon,06ABGCS4796R1ZA,2025-08
2025-06-17 00:39:27,,402-8942255-2673905,HW- ALOE-LAV-1L,B0BXK3CL9T,2,1060.0,0.18,WEST BENGAL,amazon,06ABGCS4796R1ZA,2025-08
2025-06-17 00:47:05,,171-9437439-0981158,KOPAROFABCON,B093HFKP28,1,212.0,0.18,KARNATAKA,amazon,06ABGCS4796R1ZA,2025-08
2025-06-17 00:57:03,,406-3366046-5513169,MAGICERASER-4,B0C37LG1LH,1,345.0,0.18,TELANGANA,amazon,06ABGCS4796R1ZA,2025-08
2025-06-16 16:07:28,,171-8856560-2161143,KM-CF8L-5MZL,B0CZXC4K2G,2,1068.0,0.18,UTTAR PRADESH,amazon,06ABGCS4796R1ZA,2025-08
2025-06-16 23:11:11,,404-0862167-9373901,LLQFCLV,B09YTY43CS,1,234.0,0.18,UTTAR PRADESH,amazon,06ABGCS4796R1ZA,2025-08
2025-06-16 15:58:37,,405-1949292-1485134,KOPAROFABCON,B093HFKP28,1,212.0,0.18,KARNATAKA,amazon,06ABGCS4796R1ZA,2025-08
2025-06-16 23:30:38,,404-9122245-6377900,KOPAROFABCON,B093HFKP28,1,212.0,0.18,KARNATAKA,amazon,06ABGCS4796R1ZA,2025-08
2025-06-16 20:36:55,,403-9143279-4152335,LLQ-LAV-FC,B0B69FK5Q4,1,449.0,0.18,PUNJAB,amazon,06ABGCS4796R1ZA,2025-08
2025-06-16 16:29:00,,407-7286550-5750766,KOPAROFABCON,B093HFKP28,1,212.0,0.18,ODISHA,amazon,06ABGCS4796R1ZA,2025-08
2025-06-16 15:26:36,,408-4583276-7293132,FABCON-5L,B09MZ2LBXB,1,1059.0,0.18,MAHARASHTRA,amazon,06ABGCS4796R1ZA,2025-08
2025-06-16 16:23:02,,403-6323057-1777957,TOILETCLEANER,B0D4NGD87J,1,215.0,0.18,KARNATAKA,amazon,06ABGCS4796R1ZA,2025-08
2025-06-17 08:21:17,,403-0259567-8186735,LLQFCLV-5L,B09YTWRDF7,1,1059.0,0.18,GUJARAT,amazon,06ABGCS4796R1ZA,2025-08
2025-06-16 15:18:54,,404-4877491-6076362,MAGICERASER-4,B0C37LG1LH,1,345.0,0.18,KARNATAKA,amazon,06ABGCS4796R1ZA,2025-08
2025-06-17 09:22:40,,403-5105517-5498759,KOPAROFABCON,B093HFKP28,1,212.0,0.18,KARNATAKA,amazon,06ABGCS4796R1ZA,2025-08
2025-06-16 17:00:01,,402-1106982-1014710,KOPAROFABCON,B093HFKP28,1,212.0,0.18,TAMIL NADU,amazon,06ABGCS4796R1ZA,2025-08
2025-06-16 19:00:17,,402-9065798-7001107,KOPAROFABCON,B093HFKP28,2,424.0,0.18,MAHARASHTRA,amazon,06ABGCS4796R1ZA,2025-08
2025-06-16 19:00:17,,402-9065798-7001107,FABCONLV,B09YTX7373,1,212.0,0.18,MAHARASHTRA,amazon,06ABGCS4796R1ZA,2025-08
2025-06-16 14:05:12,,402-7062557-8929137,MAGICERASER-4,B0C37LG1LH,2,690.0,0.18,PUNJAB,amazon,06ABGCS4796R1ZA,2025-08
2025-06-17 00:38:49,,407-4774078-5254748,SW,B0BCMFTLDQ,1,277.0,0.18,UTTAR PRADESH,amazon,06ABGCS4796R1ZA,2025-08
2025-06-16 12:57:58,,408-6713891-9013158,KOPRAANALLPURPOSECLEANER,B08FZWRHR5,1,199.0,0.18,KARNATAKA,amazon,06ABGCS4796R1ZA,2025-08
2025-06-16 12:57:58,,408-6713891-9013158,SW,B0BCMFTLDQ,1,277.0,0.18,KARNATAKA,amazon,06ABGCS4796R1ZA,2025-08
2025-06-17 08:06:59,,407-0863655-3837918,SW,B0BCMFTLDQ,1,277.0,0.18,KARNATAKA,amazon,06ABGCS4796R1ZA,2025-08
2025-06-16 19:30:24,,171-8212099-9136328,KOPAROFABCON,B093HFKP28,1,212.0,0.18,KERALA,amazon,06ABGCS4796R1ZA,2025-08
2025-06-16 12:57:58,,408-6713891-9013158,MAGICERASER-4,B0C37LG1LH,1,345.0,0.18,KARNATAKA,amazon,06ABGCS4796R1ZA,2025-08
2025-06-16 13:51:41,,403-4285199-1816357,KOPRAANALLPURPOSECLEANER,B08FZWRHR5,1,199.0,0.18,MAHARASHTRA,amazon,06ABGCS4796R1ZA,2025-08
2025-06-17 07:02:36,,408-3526430-5211569,FABCON-5L,B09MZ2LBXB,1,1059.0,0.18,TAMIL NADU,amazon,06ABGCS4796R1ZA,2025-08
2025-06-16 16:07:55,,171-1034826-3572300,FC-JAS-LIME,B0BD8MX8YP,1,530.0,0.18,MAHARASHTRA,amazon,06ABGCS4796R1ZA,2025-08
2025-06-16 23:17:31,,403-7259668-0615541,KOPAROFABCON,B093HFKP28,1,212.0,0.18,GUJARAT,amazon,06ABGCS4796R1ZA,2025-08
2025-06-17 07:14:55,,406-2452954-8661143,KOPAROFABCON,B093HFKP28,1,212.0,0.18,TAMIL NADU,amazon,06ABGCS4796R1ZA,2025-08
2025-06-16 23:54:15,,404-7992844-2103527,FABCON-5L,B09MZ2LBXB,1,1059.0,0.18,TELANGANA,amazon,06ABGCS4796R1ZA,2025-08
2025-06-16 16:23:18,,407-6913704-7855502,TOILETCLEANER,B0D4NGD87J,1,215.0,0.18,ODISHA,amazon,06ABGCS4796R1ZA,2025-08
2025-06-17 09:13:40,,403-7158810-1789913,SW,B0BCMFTLDQ,1,277.0,0.18,KERALA,amazon,06ABGCS4796R1ZA,2025-08
2025-06-16 20:42:35,,171-4637084-4797127,FABCONLV,B09YTX7373,3,636.0,0.18,TELANGANA,amazon,06ABGCS4796R1ZA,2025-08
2025-06-16 17:24:13,,408-1195118-7926703,KOPAROFABCON,B093HFKP28,1,212.0,0.18,TAMIL NADU,amazon,06ABGCS4796R1ZA,2025-08
2025-06-16 17:39:04,,403-6347902-6628345,KOPRAANALLPURPOSECLEANER,B08FZWRHR5,1,199.0,0.18,GUJARAT,amazon,06ABGCS4796R1ZA,2025-08
2025-06-06 18:55:09,,402-8073832-7254760,SD-620A-K20G,B0CZX5LX3X,1,641.0,0.18,NAGALAND,amazon,06ABGCS4796R1ZA,2025-08
2025-06-16 15:16:21,,403-1197703-8153156,LLQ-LAV-1.8L,B0BD8V1NRY,1,399.0,0.18,MAHARASHTRA,amazon,06ABGCS4796R1ZA,2025-08
2025-06-16 20:09:24,,402-5095158-2921124,FABCON-5L,B09MZ2LBXB,1,1059.0,0.18,MAHARASHTRA,amazon,06ABGCS4796R1ZA,2025-08
2025-06-16 21:58:52,,407-8754230-0153967,HW- ALOE-LAV-1L,B0BXK3CL9T,1,530.0,0.18,KARNATAKA,amazon,06ABGCS4796R1ZA,2025-08
2025-06-17 13:03:15,,403-6363584-2835524,MAGICERASER-4,B0C37LG1LH,1,345.0,0.18,KARNATAKA,amazon,06ABGCS4796R1ZA,2025-08
2025-06-18 08:20:23,,403-8074699-0723539,APC-1500,B0D77636J7,1,699.0,0.18,RAJASTHAN,amazon,06ABGCS4796R1ZA,2025-08
2025-06-17 22:59:44,,405-5606062-8517119,LLQ-LAV-1.8L,B0BD8V1NRY,1,399.0,0.18,ANDHRA PRADESH,amazon,06ABGCS4796R1ZA,2025-08
2025-06-18 10:36:58,,406-0251904-9387578,LLQ-LAV-1.8L,B0BD8V1NRY,1,399.0,0.18,MAHARASHTRA,amazon,06ABGCS4796R1ZA,2025-08
2025-06-17 16:39:47,,171-2307657-0475519,SW,B0BCMFTLDQ,1,277.0,0.18,MAHARASHTRA,amazon,06ABGCS4796R1ZA,2025-08
2025-06-17 21:05:56,,404-1926024-7401102,TOILETCLEANER,B0D4NGD87J,1,215.0,0.18,UTTAR PRADESH,amazon,06ABGCS4796R1ZA,2025-08
2025-06-17 22:19:39,,405-8561309-1930741,FABCON-5L,B09MZ2LBXB,1,1059.0,0.18,MAHARASHTRA,amazon,06ABGCS4796R1ZA,2025-08
2025-06-17 11:39:31,,403-7323128-7309952,FABCON-5L,B09MZ2LBXB,1,1059.0,0.18,TELANGANA,amazon,06ABGCS4796R1ZA,2025-08
2025-06-17 15:33:40,,406-0692608-3060337,FABCON-5L,B09MZ2LBXB,1,1059.0,0.18,ODISHA,amazon,06ABGCS4796R1ZA,2025-08
2025-06-17 18:23:52,,407-7830305-8288356,LLQ-LAV-1.8L,B0BD8V1NRY,1,399.0,0.18,MAHARASHTRA,amazon,06ABGCS4796R1ZA,2025-08
2025-06-17 21:46:51,,407-2424201-1853947,LLQ-LAV-FC,B0B69FK5Q4,1,449.0,0.18,GUJARAT,amazon,06ABGCS4796R1ZA,2025-08
2025-06-18 07:47:20,,408-6808239-3845105,LLQ-LAV-FC,B0B69FK5Q4,1,449.0,0.18,GUJARAT,amazon,06ABGCS4796R1ZA,2025-08
2025-06-17 22:36:31,,405-6411983-1073128,LLQ-5L,B09P82DSVL,1,1059.0,0.18,KARNATAKA,amazon,06ABGCS4796R1ZA,2025-08
2025-06-17 21:09:00,,403-8872831-9451535,KOPAROFABCON,B093HFKP28,1,212.0,0.18,TAMIL NADU,amazon,06ABGCS4796R1ZA,2025-08
2025-06-17 22:05:02,,406-1737357-1221918,HW-ALOE-5L,B09Y9CJBLT,1,1099.0,0.18,JHARKHAND,amazon,06ABGCS4796R1ZA,2025-08
2025-06-17 18:58:43,,406-8860936-8329158,TOILETCLEANER,B0D4NGD87J,1,215.0,0.18,KARNATAKA,amazon,06ABGCS4796R1ZA,2025-08
2025-06-17 11:54:23,,402-7070151-1750762,FHW-V&B-2,B0DC69LMB6,1,249.0,0.18,TELANGANA,amazon,06ABGCS4796R1ZA,2025-08
2025-06-17 19:10:28,,407-6350586-3430707,LLQ-LAV-FC,B0B69FK5Q4,1,449.0,0.18,KARNATAKA,amazon,06ABGCS4796R1ZA,2025-08
2025-06-17 12:54:04,,403-4417985-2260317,FABCONLV,B09YTX7373,1,212.0,0.18,MAHARASHTRA,amazon,06ABGCS4796R1ZA,2025-08
2025-06-18 07:08:56,,404-2906460-3270710,FHW-V&B-2,B0DC69LMB6,1,249.0,0.18,KARNATAKA,amazon,06ABGCS4796R1ZA,2025-08
2025-06-17 20:12:28,,406-5273213-8452369,KOPAROFABCON,B093HFKP28,1,212.0,0.18,TAMIL NADU,amazon,06ABGCS4796R1ZA,2025-08
2025-06-17 11:29:23,,402-1643305-0099515,SW,B0BCMFTLDQ,1,277.0,0.18,KARNATAKA,amazon,06ABGCS4796R1ZA,2025-08
2025-06-17 11:47:45,,404-1962088-1801909,KOPRAANALLPURPOSECLEANER,B08FZWRHR5,1,199.0,0.18,JHARKHAND,amazon,06ABGCS4796R1ZA,2025-08
2025-06-17 14:49:03,,403-4717662-9333904,KOPAROFABCON,B093HFKP28,1,212.0,0.18,MAHARASHTRA,amazon,06ABGCS4796R1ZA,2025-08
2025-06-17 15:10:37,,171-9365765-7617119,KOPRAANALLPURPOSECLEANER,B08FZWRHR5,1,199.0,0.18,TELANGANA,amazon,06ABGCS4796R1ZA,2025-08
2025-06-17 16:49:11,,402-9752791-1198722,FABCONLV,B09YTX7373,1,212.0,0.18,MAHARASHTRA,amazon,06ABGCS4796R1ZA,2025-08
2025-06-17 11:32:05,,402-0236850-9727561,SW,B0BCMFTLDQ,1,277.0,0.18,KARNATAKA,amazon,06ABGCS4796R1ZA,2025-08
2025-06-17 15:54:25,,405-0969582-6881947,MAGICERASER-4,B0C37LG1LH,1,345.0,0.18,TAMIL NADU,amazon,06ABGCS4796R1ZA,2025-08
2025-06-17 14:54:33,,407-9428933-8274766,TOILETCLEANER,B0D4NGD87J,1,215.0,0.18,TAMIL NADU,amazon,06ABGCS4796R1ZA,2025-08
2025-06-15 04:14:59,,404-5129302-4733163,FC-LIME,B09MGBZHJ8,1,213.0,0.18,UTTAR PRADESH,amazon,06ABGCS4796R1ZA,2025-08
2025-06-18 11:02:31,,171-5451939-5475538,KOPAROFABCON,B093HFKP28,1,212.0,0.18,GOA,amazon,06ABGCS4796R1ZA,2025-08
2025-06-19 08:39:58,,171-2954796-9089913,KOPRAANDISHWASHINGLIQUID,B08FR64SSH,2,448.0,0.18,TAMIL NADU,amazon,06ABGCS4796R1ZA,2025-08
2025-06-18 16:20:36,,404-2624935-1122763,LLQ-LAV-FC,B0B69FK5Q4,1,449.0,0.18,MAHARASHTRA,amazon,06ABGCS4796R1ZA,2025-08
2025-06-19 09:16:17,,402-0051952-8325949,SW,B0BCMFTLDQ,1,277.0,0.18,MAHARASHTRA,amazon,06ABGCS4796R1ZA,2025-08
2025-06-18 22:05:46,,408-9486025-7174758,FABCONLV,B09YTX7373,1,212.0,0.18,MAHARASHTRA,amazon,06ABGCS4796R1ZA,2025-08
2025-06-18 15:56:20,,405-5545021-7841928,HW- ALOE-LAV-1L,B0BXK3CL9T,2,1060.0,0.18,KARNATAKA,amazon,06ABGCS4796R1ZA,2025-08
2025-06-18 23:39:18,,408-5360633-1898735,MAGICERASER-4,B0C37LG1LH,1,345.0,0.18,KARNATAKA,amazon,06ABGCS4796R1ZA,2025-08
2025-06-19 11:02:35,,403-9213307-6355523,TOILETCLEANER,B0D4NGD87J,1,215.0,0.18,TELANGANA,amazon,06ABGCS4796R1ZA,2025-08
2025-06-19 01:01:31,,406-3186152-2994759,AF-LN-SS,B09R189NDM,1,399.0,0.18,PUNJAB,amazon,06ABGCS4796R1ZA,2025-08
2025-06-18 16:36:29,,404-7115299-3973927,MAGICERASER-4,B0C37LG1LH,1,345.0,0.18,MAHARASHTRA,amazon,06ABGCS4796R1ZA,2025-08
2025-06-18 16:26:02,,404-5205703-0355538,LLQ-LAV-FC,B0B69FK5Q4,1,449.0,0.18,TELANGANA,amazon,06ABGCS4796R1ZA,2025-08
2025-06-18 22:44:11,,404-5052715-1738713,AF-SS,B09P7NL14N,1,235.0,0.18,MAHARASHTRA,amazon,06ABGCS4796R1ZA,2025-08
2025-06-18 12:54:08,,408-8126694-3713116,FABCON-5L,B09MZ2LBXB,1,1059.0,0.18,KARNATAKA,amazon,06ABGCS4796R1ZA,2025-08
2025-06-19 06:36:20,,402-0563080-6945954,MAGICERASER-4,B0C37LG1LH,1,345.0,0.18,TAMIL NADU,amazon,06ABGCS4796R1ZA,2025-08
2025-06-19 10:17:21,,402-4985338-1173937,KOPAROFABCON,B093HFKP28,1,212.0,0.18,MAHARASHTRA,amazon,06ABGCS4796R1ZA,2025-08
2025-06-19 12:04:35,,406-4166999-4245142,FHW-V&B-2,B0DC69LMB6,1,249.0,0.18,ANDHRA PRADESH,amazon,06ABGCS4796R1ZA,2025-08
2025-06-18 22:18:32,,405-3955728-1861917,FABCON-5L,B09MZ2LBXB,1,1059.0,0.18,KARNATAKA,amazon,06ABGCS4796R1ZA,2025-08
2025-06-18 13:01:18,,402-9852863-5037955,KOPRAANALLPURPOSECLEANER,B08FZWRHR5,1,199.0,0.18,TAMIL NADU,amazon,06ABGCS4796R1ZA,2025-08
2025-06-18 23:45:56,,171-9546359-2528300,LLQ-LAV-1.8L,B0BD8V1NRY,1,399.0,0.18,TAMIL NADU,amazon,06ABGCS4796R1ZA,2025-08
2025-06-19 11:24:18,,407-3574667-9653926,AF-SS,B09P7NL14N,1,235.0,0.18,GUJARAT,amazon,06ABGCS4796R1ZA,2025-08
2025-06-19 01:03:51,,408-6909808-1237928,KOPAROFABCON,B093HFKP28,1,212.0,0.18,MAHARASHTRA,amazon,06ABGCS4796R1ZA,2025-08
2025-06-18 16:12:12,,408-5855484-1240316,KOPAROFABCON,B093HFKP28,1,212.0,0.18,KARNATAKA,amazon,06ABGCS4796R1ZA,2025-08
2025-06-18 12:40:36,,171-9421057-1250709,LLQ-LAV-1.8L,B0BD8V1NRY,1,399.0,0.18,MAHARASHTRA,amazon,06ABGCS4796R1ZA,2025-08
2025-06-19 11:27:10,,403-9856805-4900324,MAGICERASER-4,B0C37LG1LH,1,345.0,0.18,MAHARASHTRA,amazon,06ABGCS4796R1ZA,2025-08
2025-06-19 01:58:52,,403-0702511-5309968,KOPAROFABCON,B093HFKP28,1,212.0,0.18,ANDHRA PRADESH,amazon,06ABGCS4796R1ZA,2025-08
2025-06-18 14:14:25,,404-5723964-9748352,FABCON-5L,B09MZ2LBXB,1,1059.0,0.18,GUJARAT,amazon,06ABGCS4796R1ZA,2025-08
2025-06-18 22:53:12,,402-2326913-9739501,KOPAROFABCON,B093HFKP28,1,212.0,0.18,TAMIL NADU,amazon,06ABGCS4796R1ZA,2025-08
2025-06-18 12:54:45,,407-9580135-4681955,FABCONLV,B09YTX7373,1,212.0,0.18,KARNATAKA,amazon,06ABGCS4796R1ZA,2025-08
2025-06-18 11:42:26,,403-2913787-3702735,FHW-V&B-2,B0DC69LMB6,1,249.0,0.18,MAHARASHTRA,amazon,06ABGCS4796R1ZA,2025-08
2025-06-20 09:17:22,,405-8441369-2343518,HW- ALOE-LAV-1L,B0BXK3CL9T,1,530.0,0.18,MAHARASHTRA,amazon,06ABGCS4796R1ZA,2025-08
2025-06-20 06:25:54,,402-5762750-0548324,AF-SS,B09P7NL14N,3,705.0,0.18,MANIPUR,amazon,06ABGCS4796R1ZA,2025-08
2025-06-19 19:46:12,,171-6916705-6595543,SW,B0BCMFTLDQ,2,554.0,0.18,JAMMU & KASHMIR,amazon,06ABGCS4796R1ZA,2025-08
2025-06-19 23:27:29,,402-5254934-2488368,AF-SS,B09P7NL14N,1,235.0,0.18,KARNATAKA,amazon,06ABGCS4796R1ZA,2025-08
2025-06-19 13:07:02,,405-1488264-9045100,FABCON-5L,B09MZ2LBXB,1,1059.0,0.18,MAHARASHTRA,amazon,06ABGCS4796R1ZA,2025-08
2025-06-19 23:27:43,,402-5778134-4501122,AF-SS,B09P7NL14N,1,235.0,0.18,TELANGANA,amazon,06ABGCS4796R1ZA,2025-08
2025-06-20 00:27:56,,407-3511991-7258718,KOPRAANALLPURPOSECLEANER,B08FZWRHR5,1,199.0,0.18,RAJASTHAN,amazon,06ABGCS4796R1ZA,2025-08
2025-06-20 11:22:49,,405-6521080-6513958,COMBO-DW-LLQ-LAV,B0CPJD72S2,1,530.0,0.18,JHARKHAND,amazon,06ABGCS4796R1ZA,2025-08
2025-06-20 07:41:21,,404-4918845-4029957,LLQ-LAV-FC,B0B69FK5Q4,1,449.0,0.18,TELANGANA,amazon,06ABGCS4796R1ZA,2025-08
2025-06-19 22:59:39,,407-4573443-9880306,TOILETCLEANER,B0D4NGD87J,1,215.0,0.18,HIMACHAL PRADESH,amazon,06ABGCS4796R1ZA,2025-08
2025-06-19 22:59:39,,407-4573443-9880306,KITCLEANER-2,B0DBZZM3JF,1,399.0,0.18,HIMACHAL PRADESH,amazon,06ABGCS4796R1ZA,2025-08
2025-06-20 08:34:17,,405-4612269-5506726,FABCON-5L,B09MZ2LBXB,1,1059.0,0.18,MADHYA PRADESH,amazon,06ABGCS4796R1ZA,2025-08
2025-06-19 15:48:58,,407-6842369-1526769,KOPAROFABCON,B093HFKP28,1,212.0,0.18,WEST BENGAL,amazon,06ABGCS4796R1ZA,2025-08
2025-06-19 12:34:45,,407-1483081-9701138,LLQ-LAV-1.8L,B0BD8V1NRY,2,798.0,0.18,TELANGANA,amazon,06ABGCS4796R1ZA,2025-08
2025-06-19 22:22:16,,405-1586304-2625959,KOPAROFABCON,B093HFKP28,1,212.0,0.18,KARNATAKA,amazon,06ABGCS4796R1ZA,2025-08
2025-06-20 11:36:41,,403-8118447-2737111,LLQ-LAV-1.8L,B0BD8V1NRY,1,399.0,0.18,GUJARAT,amazon,06ABGCS4796R1ZA,2025-08
2025-06-20 02:09:38,,402-2186465-0207531,MAGICERASER-4,B0C37LG1LH,1,345.0,0.18,KARNATAKA,amazon,06ABGCS4796R1ZA,2025-08
2025-06-20 01:04:21,,404-3045265-8193140,KOPRAANALLPURPOSECLEANER,B08FZWRHR5,1,199.0,0.18,MAHARASHTRA,amazon,06ABGCS4796R1ZA,2025-08
2025-06-19 20:05:26,,408-6094970-6210755,KOPAROFABCON,B093HFKP28,1,212.0,0.18,MAHARASHTRA,amazon,06ABGCS4796R1ZA,2025-08
2025-06-19 22:00:55,,404-2015247-2466757,KOPAROFABCON,B093HFKP28,1,212.0,0.18,GOA,amazon,06ABGCS4796R1ZA,2025-08
2025-06-19 23:11:18,,407-2334150-6453100,MAGICERASER-4,B0C37LG1LH,1,345.0,0.18,MAHARASHTRA,amazon,06ABGCS4796R1ZA,2025-08
2025-06-20 10:29:13,,406-0190371-0166721,KOPAROFABCON,B093HFKP28,1,212.0,0.18,TELANGANA,amazon,06ABGCS4796R1ZA,2025-08
2025-06-19 13:27:00,,405-8559003-3334725,FABCON-5L,B09MZ2LBXB,1,1059.0,0.18,TELANGANA,amazon,06ABGCS4796R1ZA,2025-08
2025-06-19 18:14:30,,403-5332947-9934748,FHW-V&B-2,B0DC69LMB6,1,249.0,0.18,WEST BENGAL,amazon,06ABGCS4796R1ZA,2025-08
2025-06-19 19:19:37,,406-2632639-3925169,FABCONLV-LLQ,B0BXKCDV3V,1,449.0,0.18,MAHARASHTRA,amazon,06ABGCS4796R1ZA,2025-08
2025-06-19 21:05:45,,405-9616688-8199504,AF-SS-R,B09R177YCB,1,399.0,0.18,KARNATAKA,amazon,06ABGCS4796R1ZA,2025-08
2025-06-19 20:05:25,,405-0186560-2542716,KOPAROFABCON,B093HFKP28,1,212.0,0.18,JHARKHAND,amazon,06ABGCS4796R1ZA,2025-08
2025-06-19 17:45:45,,405-1565423-2237953,MAGICERASER-4,B0C37LG1LH,2,690.0,0.18,TELANGANA,amazon,06ABGCS4796R1ZA,2025-08
2025-06-19 13:44:15,,404-8287370-5747529,KOPAROFABCON,B093HFKP28,1,212.0,0.18,MANIPUR,amazon,06ABGCS4796R1ZA,2025-08
2025-06-19 00:47:29,,406-6129402-5665165,MAGICERASER-4,B0C37LG1LH,1,345.0,0.18,GUJARAT,amazon,06ABGCS4796R1ZA,2025-08
2025-06-20 07:12:32,,402-2815220-0945949,MAGICERASER-4,B0C37LG1LH,1,345.0,0.18,KERALA,amazon,06ABGCS4796R1ZA,2025-08
2025-06-20 10:35:28,,402-0806137-0765903,TOILETCLEANER,B0D4NGD87J,1,215.0,0.18,TAMIL NADU,amazon,06ABGCS4796R1ZA,2025-08
2025-06-19 18:22:15,,408-1889037-1525942,HW- ALOE-LAV-1L,B0BXK3CL9T,1,530.0,0.18,TELANGANA,amazon,06ABGCS4796R1ZA,2025-08
2025-06-16 23:11:11,,404-0862167-9373901,LLQFCLV,B09YTY43CS,1,234.0,0.18,UTTAR PRADESH,amazon,06ABGCS4796R1ZA,2025-08
2025-06-20 12:20:36,,405-0642811-4414739,FABCON-5L,B09MZ2LBXB,1,1059.0,0.18,KARNATAKA,amazon,06ABGCS4796R1ZA,2025-08
2025-06-21 02:43:59,,402-5289853-3677119,TOILETCLEANER,B0D4NGD87J,1,215.0,0.18,TELANGANA,amazon,06ABGCS4796R1ZA,2025-08
2025-06-20 16:41:34,,407-6934353-7521147,KOPRAANALLPURPOSECLEANER,B08FZWRHR5,1,199.0,0.18,BIHAR,amazon,06ABGCS4796R1ZA,2025-08
2025-06-21 11:05:34,,404-3511748-0156358,FABCONLV-LLQ,B0BXKCDV3V,1,449.0,0.18,MADHYA PRADESH,amazon,06ABGCS4796R1ZA,2025-08
2025-06-20 14:46:33,,404-5506008-1922711,KOPAROFABCON,B093HFKP28,1,212.0,0.18,MADHYA PRADESH,amazon,06ABGCS4796R1ZA,2025-08
2025-06-20 20:52:52,,403-4010928-0579559,TOILETCLEANER,B0D4NGD87J,1,215.0,0.18,TELANGANA,amazon,06ABGCS4796R1ZA,2025-08
2025-06-20 20:23:38,,406-6657758-0644357,SW,B0BCMFTLDQ,1,277.0,0.18,WEST BENGAL,amazon,06ABGCS4796R1ZA,2025-08
2025-06-20 12:36:59,,407-3672931-3525115,KOPAROFABCON,B093HFKP28,1,212.0,0.18,KERALA,amazon,06ABGCS4796R1ZA,2025-08
2025-06-21 11:03:14,,407-2945785-6904322,FABCONLV-LLQ,B0BXKCDV3V,1,449.0,0.18,MAHARASHTRA,amazon,06ABGCS4796R1ZA,2025-08
2025-06-20 17:47:23,,406-2105969-6104363,KOPAROFABCON,B093HFKP28,1,212.0,0.18,KARNATAKA,amazon,06ABGCS4796R1ZA,2025-08
2025-06-20 21:25:36,,407-2434875-6557943,FABCONLV,B09YTX7373,1,212.0,0.18,KERALA,amazon,06ABGCS4796R1ZA,2025-08
2025-06-20 18:25:14,,405-8506286-0847532,KOPRAANALLPURPOSECLEANER,B08FZWRHR5,1,199.0,0.18,KARNATAKA,amazon,06ABGCS4796R1ZA,2025-08
2025-06-21 09:28:33,,407-1900459-4110750,FABCON-5L,B09MZ2LBXB,1,1059.0,0.18,TELANGANA,amazon,06ABGCS4796R1ZA,2025-08
2025-06-20 23:44:09,,171-2159218-3044338,TOILETCLEANER,B0D4NGD87J,1,215.0,0.18,KARNATAKA,amazon,06ABGCS4796R1ZA,2025-08
2025-06-20 23:19:20,,407-9263215-5233122,KOPAROFABCON,B093HFKP28,1,212.0,0.18,ANDHRA PRADESH,amazon,06ABGCS4796R1ZA,2025-08
2025-06-20 14:27:35,,407-4136380-1757109,LLQ-LAV-FC,B0B69FK5Q4,1,449.0,0.18,HIMACHAL PRADESH,amazon,06ABGCS4796R1ZA,2025-08
2025-06-20 16:05:46,,407-5318576-7616335,FABCON-5L,B09MZ2LBXB,1,1059.0,0.18,MAHARASHTRA,amazon,06ABGCS4796R1ZA,2025-08
2025-06-17 21:05:56,,404-1926024-7401102,TOILETCLEANER,B0D4NGD87J,1,215.0,0.18,UTTAR PRADESH,amazon,06ABGCS4796R1ZA,2025-08
2025-06-21 08:43:19,,403-7788147-8969168,LLQ-LAV-FC,B0B69FK5Q4,1,449.0,0.18,KARNATAKA,amazon,06ABGCS4796R1ZA,2025-08
2025-06-21 00:23:47,,403-3710341-9530732,FABCON-5L,B09MZ2LBXB,1,1059.0,0.18,KERALA,amazon,06ABGCS4796R1ZA,2025-08
2025-06-22 23:20:57,,407-2692345-8576340,KOPAROFABCON,B093HFKP28,1,212.0,0.18,KERALA,amazon,06ABGCS4796R1ZA,2025-08
2025-06-22 18:39:10,,171-3419904-4256334,KOPAROFABCON,B093HFKP28,1,212.0,0.18,JHARKHAND,amazon,06ABGCS4796R1ZA,2025-08
2025-06-23 03:44:00,,403-7163956-1003567,KOPAROFABCON,B093HFKP28,1,212.0,0.18,ANDHRA PRADESH,amazon,06ABGCS4796R1ZA,2025-08
2025-06-22 17:49:13,,402-0125710-1320366,MAGICERASER-4,B0C37LG1LH,1,345.0,0.18,MADHYA PRADESH,amazon,06ABGCS4796R1ZA,2025-08
2025-06-22 17:45:51,,405-2572360-7148305,KOPAROFABCON,B093HFKP28,2,424.0,0.18,KARNATAKA,amazon,06ABGCS4796R1ZA,2025-08
2025-06-23 09:38:35,,407-4626766-4553913,FABCON-5L,B09MZ2LBXB,1,1059.0,0.18,TAMIL NADU,amazon,06ABGCS4796R1ZA,2025-08
2025-06-21 13:36:36,,405-2395630-8316361,FHW-V&B-2,B0DC69LMB6,1,249.0,0.18,TELANGANA,amazon,06ABGCS4796R1ZA,2025-08
2025-06-21 16:33:22,,402-4891750-5569906,KOPAROFABCON,B093HFKP28,1,212.0,0.18,GUJARAT,amazon,06ABGCS4796R1ZA,2025-08
2025-06-23 08:41:12,,403-5786131-8309149,FABCON-5L,B09MZ2LBXB,1,1059.0,0.18,KARNATAKA,amazon,06ABGCS4796R1ZA,2025-08
2025-06-22 19:10:41,,407-2136723-6138751,FABCON-5L,B09MZ2LBXB,1,1059.0,0.18,TELANGANA,amazon,06ABGCS4796R1ZA,2025-08
2025-06-21 12:33:10,,406-0806647-5201966,FABCON-5L,B09MZ2LBXB,1,1059.0,0.18,KARNATAKA,amazon,06ABGCS4796R1ZA,2025-08
2025-06-22 23:30:08,,405-2339560-6413918,APC-1500,B0D77636J7,1,699.0,0.18,KARNATAKA,amazon,06ABGCS4796R1ZA,2025-08
2025-06-22 22:11:56,,406-5928256-3343543,KOPAROFABCON,B093HFKP28,1,212.0,0.18,MAHARASHTRA,amazon,06ABGCS4796R1ZA,2025-08
2025-06-21 18:50:44,,402-8312648-4313131,HB-LBSM-HP4K,B0D5N79SLL,1,534.0,0.18,TELANGANA,amazon,06ABGCS4796R1ZA,2025-08
2025-06-23 09:25:25,,405-1846231-2821139,SW,B0BCMFTLDQ,1,277.0,0.18,TAMIL NADU,amazon,06ABGCS4796R1ZA,2025-08
2025-06-21 12:43:26,,403-8201532-0594726,KOPAROFABCON,B093HFKP28,1,212.0,0.18,TAMIL NADU,amazon,06ABGCS4796R1ZA,2025-08
2025-06-22 16:47:54,,405-6175742-8473146,FABCONLV,B09YTX7373,1,212.0,0.18,MAHARASHTRA,amazon,06ABGCS4796R1ZA,2025-08
2025-06-23 09:04:10,,406-4829637-0641115,TOILETCLEANER,B0D4NGD87J,1,215.0,0.18,KARNATAKA,amazon,06ABGCS4796R1ZA,2025-08
2025-06-21 14:06:10,,405-2023667-5161166,FABCON-5L,B09MZ2LBXB,1,1059.0,0.18,TAMIL NADU,amazon,06ABGCS4796R1ZA,2025-08
2025-06-23 11:10:16,,402-8084219-2077169,MAGICERASER-4,B0C37LG1LH,1,345.0,0.18,TAMIL NADU,amazon,06ABGCS4796R1ZA,2025-08
2025-06-21 21:11:33,,407-3479999-8576361,FABCON-5L,B09MZ2LBXB,1,1059.0,0.18,KARNATAKA,amazon,06ABGCS4796R1ZA,2025-08
2025-06-22 14:30:11,,171-3508581-6907544,FABCON-5L,B09MZ2LBXB,1,1059.0,0.18,MAHARASHTRA,amazon,06ABGCS4796R1ZA,2025-08
2025-06-23 00:44:27,,406-1113492-9421933,TOILETCLEANER,B0D4NGD87J,1,215.0,0.18,KARNATAKA,amazon,06ABGCS4796R1ZA,2025-08
2025-06-21 20:30:43,,408-7838766-7635516,FABCONLV,B09YTX7373,1,212.0,0.18,TAMIL NADU,amazon,06ABGCS4796R1ZA,2025-08
2025-06-22 13:03:09,,407-3688171-5289901,FABCONLV,B09YTX7373,1,212.0,0.18,GOA,amazon,06ABGCS4796R1ZA,2025-08
2025-06-22 13:03:09,,407-3688171-5289901,KOPAROFABCON,B093HFKP28,1,212.0,0.18,GOA,amazon,06ABGCS4796R1ZA,2025-08
2025-06-22 08:42:07,,405-0696806-6965160,FABCONLV,B09YTX7373,1,212.0,0.18,KARNATAKA,amazon,06ABGCS4796R1ZA,2025-08
2025-06-23 10:10:05,,171-3443851-4846727,SW,B0BCMFTLDQ,1,277.0,0.18,KARNATAKA,amazon,06ABGCS4796R1ZA,2025-08
2025-06-22 15:04:56,,403-1316373-4642734,LLQ-LAV-FC,B0B69FK5Q4,1,449.0,0.18,MADHYA PRADESH,amazon,06ABGCS4796R1ZA,2025-08
2025-06-21 19:15:44,,402-5925261-4295560,KOPAROFABCON,B093HFKP28,1,212.0,0.18,GUJARAT,amazon,06ABGCS4796R1ZA,2025-08
2025-06-21 13:40:59,,403-4733347-6148309,FABCON-5L,B09MZ2LBXB,1,1059.0,0.18,KARNATAKA,amazon,06ABGCS4796R1ZA,2025-08
2025-06-21 23:21:21,,402-4830359-7835560,FHW-V&B-2,B0DC69LMB6,2,498.0,0.18,MAHARASHTRA,amazon,06ABGCS4796R1ZA,2025-08
2025-06-21 13:58:51,,171-3744928-5892347,TOILETCLEANER,B0D4NGD87J,1,215.0,0.18,KARNATAKA,amazon,06ABGCS4796R1ZA,2025-08
2025-06-21 20:29:11,,406-8187826-8592337,FHW-V&B-2,B0DC69LMB6,1,249.0,0.18,HIMACHAL PRADESH,amazon,06ABGCS4796R1ZA,2025-08
2025-06-22 10:47:34,,405-0907824-1558709,KOPRAANALLPURPOSECLEANER,B08FZWRHR5,1,199.0,0.18,KARNATAKA,amazon,06ABGCS4796R1ZA,2025-08
2025-06-22 10:47:34,,405-0907824-1558709,FHW-V&B-2,B0DC69LMB6,1,249.0,0.18,KARNATAKA,amazon,06ABGCS4796R1ZA,2025-08
2025-06-22 10:12:12,,405-9087420-5499530,KOPAROFABCON,B093HFKP28,1,212.0,0.18,KARNATAKA,amazon,06ABGCS4796R1ZA,2025-08
2025-06-22 11:14:06,,403-8904055-8630766,FABCONLV-LLQ,B0BXKCDV3V,1,449.0,0.18,MAHARASHTRA,amazon,06ABGCS4796R1ZA,2025-08
2025-06-23 01:22:30,,407-7642686-7257138,FABCON-5L,B09MZ2LBXB,1,1059.0,0.18,RAJASTHAN,amazon,06ABGCS4796R1ZA,2025-08
2025-06-21 12:40:29,,406-6196655-7359510,FABCON-5L,B09MZ2LBXB,1,1059.0,0.18,KARNATAKA,amazon,06ABGCS4796R1ZA,2025-08
2025-06-21 12:07:24,,402-2056601-2421961,LLQ-LAV-FC,B0B69FK5Q4,1,449.0,0.18,TAMIL NADU,amazon,06ABGCS4796R1ZA,2025-08
2025-06-21 15:56:38,,404-7445351-3261113,FABCONLV,B09YTX7373,1,212.0,0.18,MAHARASHTRA,amazon,06ABGCS4796R1ZA,2025-08
2025-06-22 00:14:46,,408-3052399-0659519,TOILETCLEANER,B0D4NGD87J,1,215.0,0.18,HARYANA,amazon,06ABGCS4796R1ZA,2025-08
2025-06-22 00:14:46,,408-3052399-0659519,FABCON-5L,B09MZ2LBXB,1,1059.0,0.18,HARYANA,amazon,06ABGCS4796R1ZA,2025-08
2025-06-22 20:59:35,,404-3202816-0369954,FABCON-5L,B09MZ2LBXB,1,1059.0,0.18,TELANGANA,amazon,06ABGCS4796R1ZA,2025-08
2025-06-22 07:51:00,,406-9380380-9713147,MAGICERASER-4,B0C37LG1LH,1,345.0,0.18,MAHARASHTRA,amazon,06ABGCS4796R1ZA,2025-08
2025-06-21 12:15:34,,408-6448648-1734732,FC-JAS-LIME,B0BD8MX8YP,1,530.0,0.18,MAHARASHTRA,amazon,06ABGCS4796R1ZA,2025-08
2025-06-21 13:39:54,,402-8072432-5481942,SW,B0BCMFTLDQ,1,277.0,0.18,MAHARASHTRA,amazon,06ABGCS4796R1ZA,2025-08
2025-06-21 22:33:21,,407-1259541-1252364,KOPAROFABCON,B093HFKP28,1,212.0,0.18,TAMIL NADU,amazon,06ABGCS4796R1ZA,2025-08
2025-06-21 17:49:18,,408-3744418-0873123,KOPAROFABCON,B093HFKP28,1,212.0,0.18,KARNATAKA,amazon,06ABGCS4796R1ZA,2025-08
2025-06-21 18:38:24,,404-7766801-6942713,MAGICERASER-4,B0C37LG1LH,1,345.0,0.18,KARNATAKA,amazon,06ABGCS4796R1ZA,2025-08
2025-06-22 23:16:25,,402-1040198-5244364,MAGICERASER-4,B0C37LG1LH,1,345.0,0.18,KERALA,amazon,06ABGCS4796R1ZA,2025-08
2025-06-22 07:40:06,,402-2690111-0236307,LLQ-LAV-FC,B0B69FK5Q4,1,449.0,0.18,TAMIL NADU,amazon,06ABGCS4796R1ZA,2025-08
2025-06-23 08:46:09,,404-0205079-9248361,FHW-V&B-2,B0DC69LMB6,1,249.0,0.18,KARNATAKA,amazon,06ABGCS4796R1ZA,2025-08
2025-06-21 18:51:52,,171-5042885-9415547,FRC-2,B0B693VCWX,1,427.0,0.18,MAHARASHTRA,amazon,06ABGCS4796R1ZA,2025-08
2025-06-24 06:33:51,,402-1909525-8762765,LLQ-LAV-FC,B0B69FK5Q4,1,449.0,0.18,MAHARASHTRA,amazon,06ABGCS4796R1ZA,2025-08
2025-06-23 19:02:34,,171-3648665-5308322,FABCONLV,B09YTX7373,1,212.0,0.18,KARNATAKA,amazon,06ABGCS4796R1ZA,2025-08
2025-06-23 18:49:43,,402-0903164-9736322,MAGICERASER-4,B0C37LG1LH,1,345.0,0.18,TAMIL NADU,amazon,06ABGCS4796R1ZA,2025-08
2025-06-24 10:03:33,,402-7977530-3709964,KOPAROFABCON,B093HFKP28,1,212.0,0.18,TELANGANA,amazon,06ABGCS4796R1ZA,2025-08
2025-06-23 12:06:13,,403-2068267-9925114,KOPAROFABCON,B093HFKP28,1,212.0,0.18,WEST BENGAL,amazon,06ABGCS4796R1ZA,2025-08
2025-06-23 22:46:49,,404-4485821-7257952,FABCON-5L,B09MZ2LBXB,1,1059.0,0.18,TELANGANA,amazon,06ABGCS4796R1ZA,2025-08
2025-06-23 21:12:37,,408-5171523-6314737,KOPAROFABCON,B093HFKP28,1,212.0,0.18,PUNJAB,amazon,06ABGCS4796R1ZA,2025-08
2025-06-23 11:53:29,,171-3110784-4326717,KOPRAANALLPURPOSECLEANER,B08FZWRHR5,1,199.0,0.18,WEST BENGAL,amazon,06ABGCS4796R1ZA,2025-08
2025-06-23 12:04:04,,403-6408614-7596353,FABCON-5L,B09MZ2LBXB,1,1059.0,0.18,MAHARASHTRA,amazon,06ABGCS4796R1ZA,2025-08
2025-06-23 13:21:28,,404-0135647-5829101,TOILETCLEANER,B0D4NGD87J,1,215.0,0.18,KARNATAKA,amazon,06ABGCS4796R1ZA,2025-08
2025-06-23 19:00:37,,171-9813701-7874729,TOILETCLEANER,B0D4NGD87J,1,215.0,0.18,PUNJAB,amazon,06ABGCS4796R1ZA,2025-08
2025-06-24 09:40:20,,405-3800026-2989115,KOPAROFABCON,B093HFKP28,1,212.0,0.18,KERALA,amazon,06ABGCS4796R1ZA,2025-08
2025-06-23 11:56:32,,402-2579094-8171554,LLQ-LAV-FC,B0B69FK5Q4,1,449.0,0.18,MAHARASHTRA,amazon,06ABGCS4796R1ZA,2025-08
2025-06-24 08:03:01,,404-9921701-7469965,TOILETCLEANER,B0D4NGD87J,2,430.0,0.18,MAHARASHTRA,amazon,06ABGCS4796R1ZA,2025-08
2025-06-23 18:41:43,,406-7377834-3013113,FABCONLV,B09YTX7373,1,212.0,0.18,MAHARASHTRA,amazon,06ABGCS4796R1ZA,2025-08
2025-06-23 19:54:14,,403-0083463-1379546,HW- ALOE-LAV-1L,B0BXK3CL9T,1,530.0,0.18,KARNATAKA,amazon,06ABGCS4796R1ZA,2025-08
2025-06-23 19:03:08,,404-2401236-1704318,KOPAROFABCON,B093HFKP28,1,212.0,0.18,MAHARASHTRA,amazon,06ABGCS4796R1ZA,2025-08
2025-06-23 17:34:19,,403-2864409-5797905,KITCLEANER-2,B0DBZZM3JF,1,399.0,0.18,PUNJAB,amazon,06ABGCS4796R1ZA,2025-08
2025-06-23 13:55:46,,404-3627911-8917907,FABCON-5L,B09MZ2LBXB,1,1059.0,0.18,TAMIL NADU,amazon,06ABGCS4796R1ZA,2025-08
2025-06-23 15:44:56,,407-3376442-5996335,SW,B0BCMFTLDQ,1,277.0,0.18,TAMIL NADU,amazon,06ABGCS4796R1ZA,2025-08
2025-06-23 12:03:29,,403-0770152-6665166,KOPAROFABCON,B093HFKP28,1,212.0,0.18,WEST BENGAL,amazon,06ABGCS4796R1ZA,2025-08
2025-06-23 17:23:23,,407-1165052-9881166,KOPAROFABCON,B093HFKP28,1,212.0,0.18,MAHARASHTRA,amazon,06ABGCS4796R1ZA,2025-08
2025-06-13 11:01:59,,408-0603195-2797145,TOILETCLEANER,B0D4NGD87J,1,215.0,0.18,GUJARAT,amazon,06ABGCS4796R1ZA,2025-08
2025-06-25 12:45:09,,171-8768397-3869963,MAGICERASER-4,B0C37LG1LH,1,345.0,0.18,NAGALAND,amazon,06ABGCS4796R1ZA,2025-08
2025-06-24 21:09:42,,406-8751560-9917911,KOPAROFABCON,B093HFKP28,1,212.0,0.18,MAHARASHTRA,amazon,06ABGCS4796R1ZA,2025-08
2025-06-25 11:08:11,,407-8858648-5809960,FABCON-5L,B09MZ2LBXB,1,1059.0,0.18,MAHARASHTRA,amazon,06ABGCS4796R1ZA,2025-08
2025-06-25 09:04:53,,405-9765553-5915536,FABCON-5L,B09MZ2LBXB,1,1059.0,0.18,TAMIL NADU,amazon,06ABGCS4796R1ZA,2025-08
2025-06-24 16:57:23,,405-6649843-8062715,FC-JAS-LIME,B0BD8MX8YP,1,530.0,0.18,MAHARASHTRA,amazon,06ABGCS4796R1ZA,2025-08
2025-06-24 22:27:47,,405-5048514-3378727,MAGICERASER-4,B0C37LG1LH,1,345.0,0.18,MAHARASHTRA,amazon,06ABGCS4796R1ZA,2025-08
2025-06-25 11:46:26,,404-5911110-2682707,MAGICERASER-4,B0C37LG1LH,1,345.0,0.18,UTTARAKHAND,amazon,06ABGCS4796R1ZA,2025-08
2025-06-24 20:51:27,,407-0957241-3903565,KOPAROFABCON,B093HFKP28,1,212.0,0.18,TAMIL NADU,amazon,06ABGCS4796R1ZA,2025-08
2025-06-24 20:51:27,,407-0957241-3903565,FABCONLV,B09YTX7373,1,212.0,0.18,TAMIL NADU,amazon,06ABGCS4796R1ZA,2025-08
2025-06-24 23:33:27,,405-1469213-2307505,LLQ-LAV-FC,B0B69FK5Q4,1,449.0,0.18,ODISHA,amazon,06ABGCS4796R1ZA,2025-08
2025-06-24 15:30:16,,403-5051357-3205152,TOILETCLEANER,B0D4NGD87J,1,215.0,0.18,PUNJAB,amazon,06ABGCS4796R1ZA,2025-08
2025-06-24 15:07:44,,403-9505881-9575500,KOPAROFABCON,B093HFKP28,1,212.0,0.18,PUNJAB,amazon,06ABGCS4796R1ZA,2025-08
2025-06-25 10:14:52,,405-8496993-6341916,KOPAROFABCON,B093HFKP28,1,212.0,0.18,KARNATAKA,amazon,06ABGCS4796R1ZA,2025-08
2025-06-25 10:28:47,,407-8596079-9889922,KOPRAANALLPURPOSECLEANER,B08FZWRHR5,1,199.0,0.18,KERALA,amazon,06ABGCS4796R1ZA,2025-08
2025-06-24 21:32:26,,405-2011464-2238724,TOILETCLEANER,B0D4NGD87J,1,215.0,0.18,UTTAR PRADESH,amazon,06ABGCS4796R1ZA,2025-08
2025-06-24 20:19:37,,403-1887316-8953155,LLQ-LAV-FC,B0B69FK5Q4,1,449.0,0.18,TAMIL NADU,amazon,06ABGCS4796R1ZA,2025-08
2025-06-24 11:47:57,,407-8911042-1243537,FABCON-5L,B09MZ2LBXB,1,1059.0,0.18,GOA,amazon,06ABGCS4796R1ZA,2025-08
2025-06-25 00:45:36,,402-3522892-5701900,FABCONLV,B09YTX7373,1,212.0,0.18,TAMIL NADU,amazon,06ABGCS4796R1ZA,2025-08
2025-06-24 15:50:49,,406-4369809-9788302,TOILETCLEANER,B0D4NGD87J,1,215.0,0.18,CHHATTISGARH,amazon,06ABGCS4796R1ZA,2025-08
2025-06-24 13:15:19,,403-3075191-4815531,FABCONLV,B09YTX7373,1,212.0,0.18,GUJARAT,amazon,06ABGCS4796R1ZA,2025-08
2025-06-24 12:58:35,,403-6000313-2226702,KOPRAANALLPURPOSECLEANER,B08FZWRHR5,1,199.0,0.18,KARNATAKA,amazon,06ABGCS4796R1ZA,2025-08
2025-06-18 07:47:20,,408-6808239-3845105,LLQ-LAV-FC,B0B69FK5Q4,1,449.0,0.18,GUJARAT,amazon,06ABGCS4796R1ZA,2025-08
2025-06-25 23:59:36,,405-4772013-3242769,LLQ-LAV-1.8L,B0BD8V1NRY,1,399.0,0.18,MAHARASHTRA,amazon,06ABGCS4796R1ZA,2025-08
2025-06-26 00:24:38,,408-5598262-7134705,FHW-V&B-2,B0DC69LMB6,1,249.0,0.18,MAHARASHTRA,amazon,06ABGCS4796R1ZA,2025-08
2025-06-25 17:43:02,,407-3801757-7926730,SW,B0BCMFTLDQ,1,277.0,0.18,GOA,amazon,06ABGCS4796R1ZA,2025-08
2025-06-25 23:22:31,,404-7192864-6671513,KOPAROFABCON,B093HFKP28,2,424.0,0.18,MAHARASHTRA,amazon,06ABGCS4796R1ZA,2025-08
2025-06-25 16:35:13,,403-4257975-8776341,FABCON-5L,B09MZ2LBXB,1,1059.0,0.18,TELANGANA,amazon,06ABGCS4796R1ZA,2025-08
2025-06-25 20:49:40,,407-7417320-3933957,LLQ-LAV-FC,B0B69FK5Q4,1,449.0,0.18,GUJARAT,amazon,06ABGCS4796R1ZA,2025-08
2025-06-25 20:49:40,,407-7417320-3933957,HW- ALOE-LAV-1L,B0BXK3CL9T,1,530.0,0.18,GUJARAT,amazon,06ABGCS4796R1ZA,2025-08
2025-06-25 14:16:52,,404-8186581-3008347,SW,B0BCMFTLDQ,1,277.0,0.18,KARNATAKA,amazon,06ABGCS4796R1ZA,2025-08
2025-06-25 16:41:41,,405-0384246-0259525,TOILETCLEANER,B0D4NGD87J,1,215.0,0.18,PUNJAB,amazon,06ABGCS4796R1ZA,2025-08
2025-06-25 20:53:24,,408-6613086-3996340,FHW-V&B-2,B0DC69LMB6,1,249.0,0.18,MAHARASHTRA,amazon,06ABGCS4796R1ZA,2025-08
2025-06-25 14:52:24,,406-0730253-4215504,HW- ALOE-LAV-1L,B0BXK3CL9T,1,530.0,0.18,MAHARASHTRA,amazon,06ABGCS4796R1ZA,2025-08
2025-06-25 16:46:03,,405-3922291-7515546,FABCONLV,B09YTX7373,1,212.0,0.18,GUJARAT,amazon,06ABGCS4796R1ZA,2025-08
2025-06-26 02:25:11,,402-9640516-6421900,TOILETCLEANER,B0D4NGD87J,1,215.0,0.18,TELANGANA,amazon,06ABGCS4796R1ZA,2025-08
2025-06-26 09:20:28,,403-3889714-2349933,LLQ-LAV-1.8L,B0BD8V1NRY,1,399.0,0.18,MAHARASHTRA,amazon,06ABGCS4796R1ZA,2025-08
2025-06-25 18:30:17,,405-8083870-0973963,FABCON-5L,B09MZ2LBXB,1,1059.0,0.18,TELANGANA,amazon,06ABGCS4796R1ZA,2025-08
2025-06-25 21:48:29,,408-6587680-2143524,TOILETCLEANER,B0D4NGD87J,1,215.0,0.18,KARNATAKA,amazon,06ABGCS4796R1ZA,2025-08
2025-06-25 21:48:29,,408-6587680-2143524,FABCONLV-LLQ,B0BXKCDV3V,1,449.0,0.18,KARNATAKA,amazon,06ABGCS4796R1ZA,2025-08
2025-06-26 07:40:41,,407-2105949-2488359,FABCONLV,B09YTX7373,1,212.0,0.18,KARNATAKA,amazon,06ABGCS4796R1ZA,2025-08
2025-06-26 00:51:41,,171-6624339-5700301,MAGICERASER-4,B0C37LG1LH,1,345.0,0.18,MAHARASHTRA,amazon,06ABGCS4796R1ZA,2025-08
2025-06-25 15:47:34,,406-9525937-7315516,TOILETCLEANER,B0D4NGD87J,1,215.0,0.18,TAMIL NADU,amazon,06ABGCS4796R1ZA,2025-08
2025-06-25 22:14:53,,171-0952364-9063563,LLQ-LAV-1.8L,B0BD8V1NRY,1,399.0,0.18,UTTAR PRADESH,amazon,06ABGCS4796R1ZA,2025-08
2025-06-24 01:33:24,,402-4978897-9925914,MAGICERASER-4,B0C37LG1LH,1,345.0,0.18,KERALA,amazon,06ABGCS4796R1ZA,2025-08
2025-06-24 15:26:30,,408-7951516-1233916,KOPAROFABCON,B093HFKP28,1,212.0,0.18,MAHARASHTRA,amazon,06ABGCS4796R1ZA,2025-08
2025-06-25 10:23:46,,405-4879223-4624302,KOPAROFABCON,B093HFKP28,1,212.0,0.18,TELANGANA,amazon,06ABGCS4796R1ZA,2025-08
2025-06-25 13:40:48,,406-4423743-5247521,KOPAROFABCON,B093HFKP28,1,212.0,0.18,MADHYA PRADESH,amazon,06ABGCS4796R1ZA,2025-08
2025-06-25 15:04:14,,407-8805133-4651556,KOPAROFABCON,B093HFKP28,1,212.0,0.18,MAHARASHTRA,amazon,06ABGCS4796R1ZA,2025-08
2025-06-25 19:16:13,,405-6948406-6571512,KOPRAANALLPURPOSECLEANER,B08FZWRHR5,1,199.0,0.18,TAMIL NADU,amazon,06ABGCS4796R1ZA,2025-08
2025-06-06 17:47:53,,408-6661584-1449164,TOILETCLEANER,B0D4NGD87J,1,215.0,0.18,PUNJAB,amazon,06ABGCS4796R1ZA,2025-08
2025-06-27 07:47:11,,407-9378018-5576368,HW- ALOE-LAV-1L,B0BXK3CL9T,1,530.0,0.18,MAHARASHTRA,amazon,06ABGCS4796R1ZA,2025-08
2025-06-27 10:42:27,,406-9989860-3132304,FABCON-5L,B09MZ2LBXB,1,1059.0,0.18,TELANGANA,amazon,06ABGCS4796R1ZA,2025-08
2025-06-27 11:03:43,,408-1218668-0425960,TOILETCLEANER,B0D4NGD87J,1,215.0,0.18,WEST BENGAL,amazon,06ABGCS4796R1ZA,2025-08
2025-06-26 18:30:29,,406-3871646-1543536,LLQ-LAV-1.8L,B0BD8V1NRY,1,399.0,0.18,BIHAR,amazon,06ABGCS4796R1ZA,2025-08
2025-06-26 17:00:51,,408-0893682-4805939,FHW-V&B-2,B0DC69LMB6,1,249.0,0.18,GUJARAT,amazon,06ABGCS4796R1ZA,2025-08
2025-06-26 13:46:38,,403-5938453-2242723,KOPAROFABCON,B093HFKP28,1,212.0,0.18,MAHARASHTRA,amazon,06ABGCS4796R1ZA,2025-08
2025-06-26 19:06:54,,406-0479914-0289113,FABCON-5L,B09MZ2LBXB,1,1059.0,0.18,MAHARASHTRA,amazon,06ABGCS4796R1ZA,2025-08
2025-06-27 08:14:10,,171-6902898-6821929,FABCON-5L,B09MZ2LBXB,2,2118.0,0.18,KERALA,amazon,06ABGCS4796R1ZA,2025-08
2025-06-26 23:11:05,,406-0759803-1393903,FABCONLV,B09YTX7373,1,212.0,0.18,TAMIL NADU,amazon,06ABGCS4796R1ZA,2025-08
2025-06-26 13:43:30,,403-5625215-0721139,FABCON-5L,B09MZ2LBXB,1,1059.0,0.18,TELANGANA,amazon,06ABGCS4796R1ZA,2025-08
2025-06-26 13:43:30,,403-5625215-0721139,MAGICERASER-4,B0C37LG1LH,1,345.0,0.18,TELANGANA,amazon,06ABGCS4796R1ZA,2025-08
2025-06-27 00:37:56,,407-6182189-4302761,FABCON-5L,B09MZ2LBXB,1,1059.0,0.18,TELANGANA,amazon,06ABGCS4796R1ZA,2025-08
2025-06-26 11:26:57,,405-0630477-6593112,TOILETCLEANER,B0D4NGD87J,1,215.0,0.18,UTTAR PRADESH,amazon,06ABGCS4796R1ZA,2025-08
2025-06-26 10:02:22,,405-2533493-0384361,TOILETCLEANER,B0D4NGD87J,1,215.0,0.18,HARYANA,amazon,06ABGCS4796R1ZA,2025-08
2025-06-26 11:08:24,,406-7602709-0339551,KOPAROFABCON,B093HFKP28,1,212.0,0.18,ANDHRA PRADESH,amazon,06ABGCS4796R1ZA,2025-08
2025-06-26 14:46:34,,171-7222490-5877924,COMBO-DW-LLQ-LAV,B0CPJD72S2,1,530.0,0.18,ANDHRA PRADESH,amazon,06ABGCS4796R1ZA,2025-08
2025-06-26 23:46:25,,405-0351867-8786716,MAGICERASER-4,B0C37LG1LH,1,345.0,0.18,KERALA,amazon,06ABGCS4796R1ZA,2025-08
2025-06-27 08:41:47,,402-2327670-0746749,KOPAROFABCON,B093HFKP28,1,212.0,0.18,RAJASTHAN,amazon,06ABGCS4796R1ZA,2025-08
2025-06-27 10:29:14,,407-7191921-2272362,FABCONLV-LLQ,B0BXKCDV3V,1,449.0,0.18,MAHARASHTRA,amazon,06ABGCS4796R1ZA,2025-08
2025-06-26 12:36:18,,405-9747157-2809166,LLQ-LAV-1.8L,B0BD8V1NRY,1,399.0,0.18,ANDHRA PRADESH,amazon,06ABGCS4796R1ZA,2025-08
2025-06-26 18:18:24,,408-6724166-7192328,MAGICERASER-4,B0C37LG1LH,1,345.0,0.18,MAHARASHTRA,amazon,06ABGCS4796R1ZA,2025-08
2025-06-26 14:36:04,,403-1186892-1261900,KOPAROFABCON,B093HFKP28,1,212.0,0.18,MAHARASHTRA,amazon,06ABGCS4796R1ZA,2025-08
2025-06-26 20:46:04,,407-4673844-8053164,TOILETCLEANER,B0D4NGD87J,1,215.0,0.18,HIMACHAL PRADESH,amazon,06ABGCS4796R1ZA,2025-08
2025-06-26 14:47:45,,405-5094996-8727505,TOILETCLEANER,B0D4NGD87J,1,215.0,0.18,HARYANA,amazon,06ABGCS4796R1ZA,2025-08
2025-06-26 12:10:12,,406-3087111-9829919,KOPAROFABCON,B093HFKP28,1,212.0,0.18,TELANGANA,amazon,06ABGCS4796R1ZA,2025-08
2025-06-26 20:45:39,,407-9023252-1363527,TOILETCLEANER,B0D4NGD87J,1,215.0,0.18,HIMACHAL PRADESH,amazon,06ABGCS4796R1ZA,2025-08
2025-06-26 20:45:39,,407-9023252-1363527,KOPRAANALLPURPOSECLEANER,B08FZWRHR5,1,199.0,0.18,HIMACHAL PRADESH,amazon,06ABGCS4796R1ZA,2025-08
2025-06-26 16:42:56,,406-8820654-2664338,SW,B0BCMFTLDQ,1,277.0,0.18,GOA,amazon,06ABGCS4796R1ZA,2025-08
2025-06-26 12:17:53,,402-7736422-7253936,TOILETCLEANER,B0D4NGD87J,1,215.0,0.18,TAMIL NADU,amazon,06ABGCS4796R1ZA,2025-08
2025-06-26 13:49:26,,407-8923632-3161153,KOPAROFABCON,B093HFKP28,1,212.0,0.18,GOA,amazon,06ABGCS4796R1ZA,2025-08
2025-06-27 10:00:11,,408-4320834-2737129,SW,B0BCMFTLDQ,3,831.0,0.18,MAHARASHTRA,amazon,06ABGCS4796R1ZA,2025-08
2025-06-26 22:29:02,,407-3906058-5500320,FABCONLV,B09YTX7373,1,212.0,0.18,GUJARAT,amazon,06ABGCS4796R1ZA,2025-08
2025-06-27 18:22:55,,402-8400979-8700348,TOILETCLEANER,B0D4NGD87J,1,215.0,0.18,MAHARASHTRA,amazon,06ABGCS4796R1ZA,2025-08
2025-06-27 20:54:32,,404-1898466-7094712,KOPAROFABCON,B093HFKP28,1,212.0,0.18,MAHARASHTRA,amazon,06ABGCS4796R1ZA,2025-08
2025-06-27 22:16:25,,408-9299473-4245134,LLQ-LAV-1.8L,B0BD8V1NRY,1,399.0,0.18,KARNATAKA,amazon,06ABGCS4796R1ZA,2025-08
2025-06-28 11:32:41,,403-9324867-0077100,FABCONLV,B09YTX7373,1,212.0,0.18,TELANGANA,amazon,06ABGCS4796R1ZA,2025-08
2025-06-28 10:11:01,,408-1854683-6549150,FABCONLV,B09YTX7373,1,212.0,0.18,KERALA,amazon,06ABGCS4796R1ZA,2025-08
2025-06-27 11:54:42,,404-6623728-7441936,SW,B0BCMFTLDQ,1,277.0,0.18,MAHARASHTRA,amazon,06ABGCS4796R1ZA,2025-08
2025-06-27 20:56:08,,408-1544962-0649165,LLQ-LAV-FC,B0B69FK5Q4,1,449.0,0.18,MAHARASHTRA,amazon,06ABGCS4796R1ZA,2025-08
2025-06-28 00:01:39,,407-7170505-5046705,KOPAROFABCON,B093HFKP28,1,212.0,0.18,KARNATAKA,amazon,06ABGCS4796R1ZA,2025-08
2025-06-27 15:21:55,,405-7405651-3006731,FABCON-5L,B09MZ2LBXB,1,1059.0,0.18,MAHARASHTRA,amazon,06ABGCS4796R1ZA,2025-08
2025-06-27 22:44:37,,402-5473799-9841913,FABCONLV,B09YTX7373,1,212.0,0.18,ANDHRA PRADESH,amazon,06ABGCS4796R1ZA,2025-08
2025-06-27 12:03:51,,403-6884442-5959504,FABCON-5L,B09MZ2LBXB,1,1059.0,0.18,KARNATAKA,amazon,06ABGCS4796R1ZA,2025-08
2025-06-27 16:43:58,,403-1753798-5584351,FABCONLV,B09YTX7373,1,212.0,0.18,KARNATAKA,amazon,06ABGCS4796R1ZA,2025-08
2025-06-27 20:34:48,,406-4203414-6098733,KOPAROFABCON,B093HFKP28,1,212.0,0.18,GOA,amazon,06ABGCS4796R1ZA,2025-08
2025-06-27 19:58:46,,408-5442577-6317925,LLQ-LAV-FC,B0B69FK5Q4,1,449.0,0.18,GUJARAT,amazon,06ABGCS4796R1ZA,2025-08
2025-06-28 00:08:33,,402-1659230-6369911,LLQ-LAV-FC,B0B69FK5Q4,1,449.0,0.18,MAHARASHTRA,amazon,06ABGCS4796R1ZA,2025-08
2025-06-28 08:15:14,,404-3739417-6708308,SW,B0BCMFTLDQ,1,277.0,0.18,ODISHA,amazon,06ABGCS4796R1ZA,2025-08
2025-06-28 07:58:00,,408-7899529-8982701,FHW-V&B-2,B0DC69LMB6,1,249.0,0.18,TELANGANA,amazon,06ABGCS4796R1ZA,2025-08
2025-06-28 11:23:35,,405-5163978-4016359,KOPRAANALLPURPOSECLEANER,B08FZWRHR5,1,199.0,0.18,TAMIL NADU,amazon,06ABGCS4796R1ZA,2025-08
2025-06-28 10:14:38,,405-7529041-8910735,DESCALER-4,B0DCBPX3YP,1,266.0,0.18,MAHARASHTRA,amazon,06ABGCS4796R1ZA,2025-08
2025-06-27 11:43:51,,171-2261037-5774701,KOPAROFABCON,B093HFKP28,1,212.0,0.18,MAHARASHTRA,amazon,06ABGCS4796R1ZA,2025-08
2025-06-28 11:06:30,,404-4607172-7746724,FABCON-5L,B09MZ2LBXB,1,1059.0,0.18,TAMIL NADU,amazon,06ABGCS4796R1ZA,2025-08
2025-06-27 14:16:36,,406-0146452-2194723,TOILETCLEANER,B0D4NGD87J,1,215.0,0.18,GUJARAT,amazon,06ABGCS4796R1ZA,2025-08
2025-06-28 09:41:29,,407-6538494-6712332,KOPAROFABCON,B093HFKP28,1,212.0,0.18,KARNATAKA,amazon,06ABGCS4796R1ZA,2025-08
2025-06-27 16:52:06,,408-0588956-4565120,FABCONLV,B09YTX7373,1,212.0,0.18,KARNATAKA,amazon,06ABGCS4796R1ZA,2025-08
2025-06-28 08:21:34,,405-9802133-4250720,FABCONLV,B09YTX7373,2,424.0,0.18,KARNATAKA,amazon,06ABGCS4796R1ZA,2025-08
2025-06-27 12:31:09,,403-2122939-4717115,KOPAROFABCON,B093HFKP28,1,212.0,0.18,KARNATAKA,amazon,06ABGCS4796R1ZA,2025-08
2025-06-27 11:39:28,,406-6070133-7819519,TOILETCLEANER,B0D4NGD87J,1,215.0,0.18,PUNJAB,amazon,06ABGCS4796R1ZA,2025-08
2025-06-27 12:02:54,,407-5672326-1761915,KOPAROFABCON,B093HFKP28,1,212.0,0.18,GOA,amazon,06ABGCS4796R1ZA,2025-08
2025-06-28 23:36:29,,403-3303345-5999533,KOPRAANDISHWASHINGLIQUID,B08FR64SSH,1,224.0,0.18,JAMMU & KASHMIR,amazon,06ABGCS4796R1ZA,2025-08
2025-06-29 09:22:12,,408-6716363-3629106,FABCONLV,B09YTX7373,1,212.0,0.18,TELANGANA,amazon,06ABGCS4796R1ZA,2025-08
2025-06-28 23:16:38,,171-2473602-9667544,FABCONLV,B09YTX7373,1,212.0,0.18,KERALA,amazon,06ABGCS4796R1ZA,2025-08
2025-06-28 22:09:50,,408-1459829-8271564,MAGICERASER-4,B0C37LG1LH,1,345.0,0.18,KARNATAKA,amazon,06ABGCS4796R1ZA,2025-08
2025-06-28 22:37:27,,405-6818693-8331512,FABCONLV-LLQ,B0BXKCDV3V,1,449.0,0.18,MAHARASHTRA,amazon,06ABGCS4796R1ZA,2025-08
2025-06-29 07:22:40,,407-3860210-8200352,TOILETCLEANER,B0D4NGD87J,1,215.0,0.18,TELANGANA,amazon,06ABGCS4796R1ZA,2025-08
2025-06-28 17:13:48,,402-7096234-8511539,MAGICERASER-4,B0C37LG1LH,1,345.0,0.18,TELANGANA,amazon,06ABGCS4796R1ZA,2025-08
2025-06-28 14:48:20,,403-7450092-1733161,FABCON-5L,B09MZ2LBXB,1,1059.0,0.18,TAMIL NADU,amazon,06ABGCS4796R1ZA,2025-08
2025-06-28 23:16:41,,406-9755290-7989169,MAGICERASER-4,B0C37LG1LH,1,345.0,0.18,KARNATAKA,amazon,06ABGCS4796R1ZA,2025-08
2025-06-28 14:35:00,,408-9355228-2420335,FABCON-5L,B09MZ2LBXB,1,1059.0,0.18,KERALA,amazon,06ABGCS4796R1ZA,2025-08
2025-06-28 14:31:35,,171-2194375-6191568,TOILETCLEANER,B0D4NGD87J,1,215.0,0.18,MAHARASHTRA,amazon,06ABGCS4796R1ZA,2025-08
2025-06-28 19:26:43,,405-8272679-2386734,LLQ-LAV-1.8L,B0BD8V1NRY,3,1197.0,0.18,KERALA,amazon,06ABGCS4796R1ZA,2025-08
2025-06-28 21:43:52,,171-3412142-3945113,FABCONLV,B09YTX7373,1,212.0,0.18,KERALA,amazon,06ABGCS4796R1ZA,2025-08
2025-06-29 08:01:05,,404-3761472-8955536,TOILETCLEANER,B0D4NGD87J,3,645.0,0.18,UTTAR PRADESH,amazon,06ABGCS4796R1ZA,2025-08
2025-06-28 20:50:39,,406-1205713-4427545,FHW-V&B-2,B0DC69LMB6,1,249.0,0.18,TELANGANA,amazon,06ABGCS4796R1ZA,2025-08
2025-06-28 20:21:03,,402-6560606-0288319,KOPRAANALLPURPOSECLEANER,B08FZWRHR5,1,199.0,0.18,MAHARASHTRA,amazon,06ABGCS4796R1ZA,2025-08
2025-06-28 12:45:58,,405-2548590-8567514,KOPAROFABCON,B093HFKP28,1,212.0,0.18,TRIPURA,amazon,06ABGCS4796R1ZA,2025-08
2025-06-28 21:49:15,,404-3554114-7841931,FABCONLV-LLQ,B0BXKCDV3V,1,449.0,0.18,KARNATAKA,amazon,06ABGCS4796R1ZA,2025-08
2025-06-28 17:53:06,,407-0449962-5182719,FRC-TSC,B0BD8R1BMJ,1,299.0,0.18,HARYANA,amazon,06ABGCS4796R1ZA,2025-08
2025-06-28 13:56:56,,402-7338542-0996346,MAGICERASER-4,B0C37LG1LH,1,345.0,0.18,PUNJAB,amazon,06ABGCS4796R1ZA,2025-08
2025-06-28 13:56:56,,402-7338542-0996346,TOILETCLEANER,B0D4NGD87J,1,215.0,0.18,PUNJAB,amazon,06ABGCS4796R1ZA,2025-08
2025-06-28 22:12:24,,407-5050522-3263516,FHW-V&B-2,B0DC69LMB6,2,498.0,0.18,TAMIL NADU,amazon,06ABGCS4796R1ZA,2025-08
2025-06-28 12:49:15,,171-9055276-2512363,KOPAROFABCON,B093HFKP28,1,212.0,0.18,KARNATAKA,amazon,06ABGCS4796R1ZA,2025-08
2025-06-28 19:29:11,,402-2201108-6133123,KITCLEANER-2,B0DBZZM3JF,1,399.0,0.18,HIMACHAL PRADESH,amazon,06ABGCS4796R1ZA,2025-08
2025-06-27 12:01:17,,405-1888237-1153124,FABCONLV,B09YTX7373,1,212.0,0.18,JAMMU & KASHMIR,amazon,06ABGCS4796R1ZA,2025-08
2025-06-27 19:27:05,,407-5178867-7391525,KOPRAANALLPURPOSECLEANER,B08FZWRHR5,1,199.0,0.18,TELANGANA,amazon,06ABGCS4796R1ZA,2025-08
2025-06-28 01:34:42,,402-0697037-2900364,MAGICERASER-4,B0C37LG1LH,1,345.0,0.18,MAHARASHTRA,amazon,06ABGCS4796R1ZA,2025-08
2025-06-28 14:13:27,,407-0416028-8869118,FABCONLV,B09YTX7373,1,212.0,0.18,KARNATAKA,amazon,06ABGCS4796R1ZA,2025-08
2025-06-29 11:44:47,,404-9271666-5988318,FABCON-5L,B09MZ2LBXB,1,1059.0,0.18,MAHARASHTRA,amazon,06ABGCS4796R1ZA,2025-08
2025-06-29 23:43:30,,402-8055364-9034707,KOPAROFABCON,B093HFKP28,1,212.0,0.18,KARNATAKA,amazon,06ABGCS4796R1ZA,2025-08
2025-06-29 11:35:46,,402-5514468-0797109,LLQ-LAV-FC,B0B69FK5Q4,1,449.0,0.18,MAHARASHTRA,amazon,06ABGCS4796R1ZA,2025-08
2025-06-29 20:47:23,,403-1839459-2740368,TOILETCLEANER,B0D4NGD87J,2,430.0,0.18,PUNJAB,amazon,06ABGCS4796R1ZA,2025-08
2025-06-30 07:42:55,,407-4717863-4429936,KOPAROFABCON,B093HFKP28,1,212.0,0.18,KARNATAKA,amazon,06ABGCS4796R1ZA,2025-08
2025-06-30 07:42:55,,407-4717863-4429936,FABCONLV,B09YTX7373,1,212.0,0.18,KARNATAKA,amazon,06ABGCS4796R1ZA,2025-08
2025-06-29 15:50:56,,405-0318558-0457957,KOPAROFABCON,B093HFKP28,3,636.0,0.18,KARNATAKA,amazon,06ABGCS4796R1ZA,2025-08
2025-06-29 23:32:13,,404-9975920-2697918,LLQ-LAV-FC,B0B69FK5Q4,1,449.0,0.18,KARNATAKA,amazon,06ABGCS4796R1ZA,2025-08
2025-06-29 12:56:00,,408-2731347-5510717,KOPAROFABCON,B093HFKP28,1,212.0,0.18,KARNATAKA,amazon,06ABGCS4796R1ZA,2025-08
2025-06-29 12:30:40,,403-0190723-8654769,MAGICERASER-4,B0C37LG1LH,1,345.0,0.18,PUNJAB,amazon,06ABGCS4796R1ZA,2025-08
2025-06-29 22:12:03,,405-6376163-8764334,FABCONLV,B09YTX7373,1,212.0,0.18,TAMIL NADU,amazon,06ABGCS4796R1ZA,2025-08
2025-06-29 16:06:28,,407-2004457-3067526,FABCON-5L,B09MZ2LBXB,1,1059.0,0.18,KARNATAKA,amazon,06ABGCS4796R1ZA,2025-08
2025-06-30 11:36:23,,405-2578155-1718725,KOPAROFABCON,B093HFKP28,1,212.0,0.18,MANIPUR,amazon,06ABGCS4796R1ZA,2025-08
2025-06-29 13:06:06,,403-4801366-5073937,FABCON-5L,B09MZ2LBXB,1,1059.0,0.18,KARNATAKA,amazon,06ABGCS4796R1ZA,2025-08
2025-06-29 12:17:58,,171-0823152-3575551,FABCON-5L,B09MZ2LBXB,1,1059.0,0.18,TAMIL NADU,amazon,06ABGCS4796R1ZA,2025-08
2025-06-30 09:39:18,,408-1373616-7142707,KOPAROFABCON,B093HFKP28,1,212.0,0.18,KARNATAKA,amazon,06ABGCS4796R1ZA,2025-08
2025-06-30 01:15:32,,403-9840983-3715559,KOPAROFABCON,B093HFKP28,1,212.0,0.18,KARNATAKA,amazon,06ABGCS4796R1ZA,2025-08
2025-06-30 11:14:43,,407-1606183-2779535,MAGICERASER-4,B0C37LG1LH,1,345.0,0.18,KARNATAKA,amazon,06ABGCS4796R1ZA,2025-08
2025-06-29 20:33:49,,406-9091594-4807529,FABCON-5L,B09MZ2LBXB,1,1059.0,0.18,MAHARASHTRA,amazon,06ABGCS4796R1ZA,2025-08
2025-06-30 10:45:41,,404-2183642-1170767,KITCLEANER-2,B0DBZZM3JF,1,399.0,0.18,RAJASTHAN,amazon,06ABGCS4796R1ZA,2025-08
2025-06-29 16:36:14,,171-8858279-1593962,TOILETCLEANER,B0D4NGD87J,1,215.0,0.18,PUNJAB,amazon,06ABGCS4796R1ZA,2025-08
2025-06-30 08:51:45,,407-6228974-7011544,DW-1.8L,B0BD8VSV22,1,299.0,0.18,TAMIL NADU,amazon,06ABGCS4796R1ZA,2025-08
2025-06-29 19:16:45,,404-6633774-0713137,LLQ-LAV-FC,B0B69FK5Q4,1,449.0,0.18,TELANGANA,amazon,06ABGCS4796R1ZA,2025-08
2025-06-29 20:38:48,,406-9272354-6840311,KOPAROFABCON,B093HFKP28,1,212.0,0.18,GUJARAT,amazon,06ABGCS4796R1ZA,2025-08
2025-06-29 14:56:27,,406-7754483-6573109,FABCON-5L,B09MZ2LBXB,1,1059.0,0.18,GOA,amazon,06ABGCS4796R1ZA,2025-08
2025-06-25 21:48:29,,408-6587680-2143524,FABCONLV-LLQ,B0BXKCDV3V,1,449.0,0.18,KARNATAKA,amazon,06ABGCS4796R1ZA,2025-08
2025-06-25 23:59:36,,405-4772013-3242769,LLQ-LAV-1.8L,B0BD8V1NRY,1,399.0,0.18,MAHARASHTRA,amazon,06ABGCS4796R1ZA,2025-08
2025-06-30 20:23:59,,171-1487163-7761136,KOPAROFABCON,B093HFKP28,1,212.0,0.18,TELANGANA,amazon,06ABGCS4796R1ZA,2025-08
2025-06-30 19:22:00,,407-8718499-1401130,KITCLEANER-2,B0DBZZM3JF,1,399.0,0.18,MAHARASHTRA,amazon,06ABGCS4796R1ZA,2025-08
2025-06-30 16:22:12,,403-4018160-0384361,KITCLEANER-2,B0DBZZM3JF,1,399.0,0.18,MAHARASHTRA,amazon,06ABGCS4796R1ZA,2025-08
2025-06-30 16:55:40,,408-2336961-0602737,TOILETCLEANER,B0D4NGD87J,1,215.0,0.18,PUNJAB,amazon,06ABGCS4796R1ZA,2025-08
2025-06-30 15:58:01,,404-6793370-6390769,HB-LBSM-HP4K,B0D5N79SLL,1,534.0,0.18,GUJARAT,amazon,06ABGCS4796R1ZA,2025-08
2025-06-30 23:00:44,,171-0172571-5390700,FABCONLV,B09YTX7373,1,212.0,0.18,MAHARASHTRA,amazon,06ABGCS4796R1ZA,2025-08
2025-06-30 18:27:27,,406-1085566-0193944,TOILETCLEANER,B0D4NGD87J,1,215.0,0.18,MAHARASHTRA,amazon,06ABGCS4796R1ZA,2025-08
2025-06-30 13:22:03,,404-9444878-3331541,LLQ-LAV-FC,B0B69FK5Q4,1,449.0,0.18,MAHARASHTRA,amazon,06ABGCS4796R1ZA,2025-08
2025-06-30 21:26:53,,407-1304048-5217927,TOILETCLEANER,B0D4NGD87J,1,215.0,0.18,TELANGANA,amazon,06ABGCS4796R1ZA,2025-08
2025-06-30 16:11:59,,402-3529995-3285900,KOPAROFABCON,B093HFKP28,1,212.0,0.18,TAMIL NADU,amazon,06ABGCS4796R1ZA,2025-08
2025-06-30 19:20:37,,402-6408600-3784345,KOPAROFABCON,B093HFKP28,1,212.0,0.18,MAHARASHTRA,amazon,06ABGCS4796R1ZA,2025-08
2025-06-30 16:41:23,,171-9958452-3396307,TOILETCLEANER,B0D4NGD87J,1,215.0,0.18,RAJASTHAN,amazon,06ABGCS4796R1ZA,2025-08
2025-06-30 15:49:49,,408-5525747-4134735,MAGICERASER-4,B0C37LG1LH,1,345.0,0.18,TAMIL NADU,amazon,06ABGCS4796R1ZA,2025-08
2025-06-30 16:55:07,,406-5488147-2315513,MAGICERASER-4,B0C37LG1LH,1,345.0,0.18,MADHYA PRADESH,amazon,06ABGCS4796R1ZA,2025-08
2025-06-30 14:38:15,,403-3357623-5643558,KOPAROFABCON,B093HFKP28,1,212.0,0.18,MAHARASHTRA,amazon,06ABGCS4796R1ZA,2025-08
2025-06-30 12:22:37,,402-4638234-2837159,KOPAROFABCON,B093HFKP28,2,424.0,0.18,MAHARASHTRA,amazon,06ABGCS4796R1ZA,2025-08
2025-06-30 16:02:40,,171-5216057-6804364,KOPAROFABCON,B093HFKP28,1,212.0,0.18,MAHARASHTRA,amazon,06ABGCS4796R1ZA,2025-08
2025-06-30 20:40:27,,408-3870310-1153911,KITCLEANER-2,B0DBZZM3JF,1,399.0,0.18,RAJASTHAN,amazon,06ABGCS4796R1ZA,2025-08
2025-06-30 11:50:00,,404-8394409-3268369,KOPAROFABCON,B093HFKP28,1,212.0,0.18,GOA,amazon,06ABGCS4796R1ZA,2025-08
2025-06-30 13:05:23,,404-6149890-4835542,KITCLEANER-2,B0DBZZM3JF,1,399.0,0.18,KERALA,amazon,06ABGCS4796R1ZA,2025-08
2025-06-08 12:19:41,,404-4137471-4569920,HW-ALOE-1.8L-FBA,B0BRCLDT7T,1,429.0,0.18,DELHI,amazon,06ABGCS4796R1ZA,2025-08
2025-06-16 03:59:56,,402-1403324-0967531,HW-LAV-1.8L-FBA,B0BRCKCBF3,1,429.0,0.0,GUJARAT,amazon,06ABGCS4796R1ZA,2025-08
2025-06-19 16:19:56,,406-8598240-7645100,TSC-1L-FBA,B0CJ2GPBG1,1,429.0,0.0,GUJARAT,amazon,06ABGCS4796R1ZA,2025-08
2025-06-20 19:30:00,,406-3717099-4575569,KOPAROHW-FBA,B08FT6D5BD,1,229.0,0.18,BIHAR,amazon,06ABGCS4796R1ZA,2025-08
2025-06-21 01:09:53,,406-7352007-3361916,LLQFCLV-5L-FBA,B09YTWRDF7,1,1059.0,0.18,WEST BENGAL,amazon,06ABGCS4796R1ZA,2025-08
2025-06-25 07:51:58,,404-2721608-7597120,DW-1.8L-FBA,B0BD8VSV22,1,299.0,0.18,MAHARASHTRA,amazon,06ABGCS4796R1ZA,2025-08
2025-06-29 17:49:52,,404-5393098-0649141,HW-5L-FBA,B09Y9CWV8G,1,1099.0,0.18,DELHI,amazon,06ABGCS4796R1ZA,2025-08
2025-06-30 15:39:53,,406-7845837-8589908,FRC-2-FBA,B0B693VCWX,1,427.0,0.0,GUJARAT,amazon,06ABGCS4796R1ZA,2025-08
2025-06-18 21:59:19,,404-2664225-0671547,KOPRAANDISHWASHINGLIQUID-FBA,B08FR64SSH,1,224.0,0.18,MAHARASHTRA,amazon,06ABGCS4796R1ZA,2025-08
2025-06-24 18:28:47,,404-4287044-9645153,FABCON-LAV-1.8L-FBA,B0BRCL1QS1,2,798.0,0.18,MAHARASHTRA,amazon,06ABGCS4796R1ZA,2025-08
2025-06-24 10:39:08,,404-6383630-0762732,FC-LG-3L-FBA,B0CZXC4K2G,1,534.0,0.0,KARNATAKA,amazon,06ABGCS4796R1ZA,2025-08
2025-06-24 20:55:00,,171-4072920-3277924,FABCON-LAV-1.8L-FBA,B0BRCL1QS1,1,399.0,0.0,KARNATAKA,amazon,06ABGCS4796R1ZA,2025-08
2025-06-24 20:50:03,,406-2726510-3141920,FABCON-LAV-1.8L-FBA,B0BRCL1QS1,1,399.0,0.0,KARNATAKA,amazon,06ABGCS4796R1ZA,2025-08
2025-06-24 07:59:12,,408-2193666-9089117,DW-1.8L-FBA,B0BD8VSV22,1,299.0,0.0,KARNATAKA,amazon,06ABGCS4796R1ZA,2025-08
2025-06-24 15:19:08,,404-4607892-1415515,FABCON-LAV-1.8L-FBA,B0BRCL1QS1,1,399.0,0.18,MAHARASHTRA,amazon,06ABGCS4796R1ZA,2025-08
2025-06-25 00:39:14,,403-7856508-3546712,FABCON-LAV-1.8L-FBA,B0BRCL1QS1,1,399.0,0.18,KERALA,amazon,06ABGCS4796R1ZA,2025-08
2025-06-24 22:09:30,,403-6764389-5756301,DW-1.8L-FBA,B0BD8VSV22,1,299.0,0.0,KARNATAKA,amazon,06ABGCS4796R1ZA,2025-08
2025-06-26 10:49:06,,407-1386745-7728339,FABCON-LAV-1.8L-FBA,B0BRCL1QS1,1,399.0,0.0,KARNATAKA,amazon,06ABGCS4796R1ZA,2025-08
2025-06-26 05:59:11,,408-6789898-5833906,DW-1.8L-FBA,B0BD8VSV22,1,299.0,0.0,KARNATAKA,amazon,06ABGCS4796R1ZA,2025-08
2025-06-27 19:39:19,,404-4774386-9260369,FC-JAS-3L-FBA,B0CZTVD3M7,1,499.0,0.0,KARNATAKA,amazon,06ABGCS4796R1ZA,2025-08
